audio_filename,original_filepath,converted_file_path,recorded_word
Leonida_imuga.wav,bororo/bor_lex16-leonida-IMG_8801/Leonida_imuga.wav,data/converted_audio/bororo/sd1775409613_1.wav,imuga
Leonida_imuga.wav,bororo/bor_lex16-leonida-IMG_8801/Leonida_imuga.wav,data/converted_audio/bororo/sd1775409613_2.wav,imuga
Leonida_okureboe.wav,bororo/bor_lex16-leonida-IMG_8801/Leonida_okureboe.wav,data/converted_audio/bororo/sd1775409614_1.wav,okureboe
Leonida_okureboe.wav,bororo/bor_lex16-leonida-IMG_8801/Leonida_okureboe.wav,data/converted_audio/bororo/sd1775409614_2.wav,okureboe
Leonida_ibie.wav,bororo/bor_lex16-leonida-IMG_8801/Leonida_ibie.wav,data/converted_audio/bororo/sd1775409615_1.wav,ibie
Leonida_ibie.wav,bororo/bor_lex16-leonida-IMG_8801/Leonida_ibie.wav,data/converted_audio/bororo/sd1775409615_2.wav,ibie
Leonida_ieraAidukare.wav,bororo/bor_lex16-leonida-IMG_8801/Leonida_ieraAidukare.wav,data/converted_audio/bororo/sd1775409616_1.wav,iera aidukare
Leonida_ieraAidukare.wav,bororo/bor_lex16-leonida-IMG_8801/Leonida_ieraAidukare.wav,data/converted_audio/bororo/sd1775409616_2.wav,iera aidukare
Leonida_meriri.wav,bororo/bor_lex16-leonida-IMG_8801/Leonida_meriri.wav,data/converted_audio/bororo/sd1775409617_1.wav,meriri
Leonida_meriri.wav,bororo/bor_lex16-leonida-IMG_8801/Leonida_meriri.wav,data/converted_audio/bororo/sd1775409617_2.wav,meriri
Leonida_ao03.wav,bororo/bor_lex16-leonida-IMG_8801/Leonida_ao03.wav,data/converted_audio/bororo/sd1775409618_1.wav,ao
Leonida_ao03.wav,bororo/bor_lex16-leonida-IMG_8801/Leonida_ao03.wav,data/converted_audio/bororo/sd1775409618_2.wav,ao
Leonida_kagariga02.wav,bororo/bor_lex16-leonida-IMG_8801/Leonida_kagariga02.wav,data/converted_audio/bororo/sd1775409619_1.wav,kagariga
Leonida_kagariga02.wav,bororo/bor_lex16-leonida-IMG_8801/Leonida_kagariga02.wav,data/converted_audio/bororo/sd1775409619_2.wav,kagariga
Leonida_imarugu.wav,bororo/bor_lex16-leonida-IMG_8801/Leonida_imarugu.wav,data/converted_audio/bororo/sd1775409620_1.wav,imarugu
Leonida_imarugu.wav,bororo/bor_lex16-leonida-IMG_8801/Leonida_imarugu.wav,data/converted_audio/bororo/sd1775409620_2.wav,imarugu
Leonida_iwadu.wav,bororo/bor_lex16-leonida-IMG_8801/Leonida_iwadu.wav,data/converted_audio/bororo/sd1775409621_1.wav,iwadu
Leonida_iwadu.wav,bororo/bor_lex16-leonida-IMG_8801/Leonida_iwadu.wav,data/converted_audio/bororo/sd1775409621_2.wav,iwadu
Leonida_buteiari.wav,bororo/bor_lex16-leonida-IMG_8801/Leonida_buteiari.wav,data/converted_audio/bororo/sd1775409622_1.wav,buteiari
Leonida_buteiari.wav,bororo/bor_lex16-leonida-IMG_8801/Leonida_buteiari.wav,data/converted_audio/bororo/sd1775409622_2.wav,buteiari
Leonida_ibieIburiNaregedo.wav,bororo/bor_lex16-leonida-IMG_8801/Leonida_ibieIburiNaregedo.wav,data/converted_audio/bororo/sd1775409623_1.wav,ibie iburi naregedo
Leonida_ibieIburiNaregedo.wav,bororo/bor_lex16-leonida-IMG_8801/Leonida_ibieIburiNaregedo.wav,data/converted_audio/bororo/sd1775409623_2.wav,ibie iburi naregedo
Leonida_iugwa02.wav,bororo/bor_lex16-leonida-IMG_8801/Leonida_iugwa02.wav,data/converted_audio/bororo/sd1775409624_1.wav,iugwa
Leonida_iugwa02.wav,bororo/bor_lex16-leonida-IMG_8801/Leonida_iugwa02.wav,data/converted_audio/bororo/sd1775409624_2.wav,iugwa
Leonida_bari01.wav,bororo/bor_lex16-leonida-IMG_8801/Leonida_bari01.wav,data/converted_audio/bororo/sd1775409625_1.wav,bari
Leonida_bari01.wav,bororo/bor_lex16-leonida-IMG_8801/Leonida_bari01.wav,data/converted_audio/bororo/sd1775409625_2.wav,bari
Leonida_ace.wav,bororo/bor_lex16-leonida-IMG_8801/Leonida_ace.wav,data/converted_audio/bororo/sd1775409626_1.wav,ace
Leonida_ace.wav,bororo/bor_lex16-leonida-IMG_8801/Leonida_ace.wav,data/converted_audio/bororo/sd1775409626_2.wav,ace
Leonida_baradu.wav,bororo/bor_lex16-leonida-IMG_8801/Leonida_baradu.wav,data/converted_audio/bororo/sd1775409627_1.wav,baradu
Leonida_baradu.wav,bororo/bor_lex16-leonida-IMG_8801/Leonida_baradu.wav,data/converted_audio/bororo/sd1775409627_2.wav,baradu
Leonida_iedaga.wav,bororo/bor_lex16-leonida-IMG_8801/Leonida_iedaga.wav,data/converted_audio/bororo/sd1775409628_1.wav,iedaga
Leonida_iedaga.wav,bororo/bor_lex16-leonida-IMG_8801/Leonida_iedaga.wav,data/converted_audio/bororo/sd1775409628_2.wav,iedaga
Leonida_ibieIbieNaregedu.wav,bororo/bor_lex16-leonida-IMG_8801/Leonida_ibieIbieNaregedu.wav,data/converted_audio/bororo/sd1775409629_1.wav,ibie ibie naregedu
Leonida_ibieIbieNaregedu.wav,bororo/bor_lex16-leonida-IMG_8801/Leonida_ibieIbieNaregedu.wav,data/converted_audio/bororo/sd1775409629_2.wav,ibie ibie naregedu
Leonida_jokuPijipiji.wav,bororo/bor_lex16-leonida-IMG_8801/Leonida_jokuPijipiji.wav,data/converted_audio/bororo/sd1775409630_1.wav,joku pijipiji
Leonida_jokuPijipiji.wav,bororo/bor_lex16-leonida-IMG_8801/Leonida_jokuPijipiji.wav,data/converted_audio/bororo/sd1775409630_2.wav,joku pijipiji
kara.wav,bororo/bor_lex07-benito-IMG_8684/kara.wav,data/converted_audio/bororo/sd1775409631_1.wav,kara
kara.wav,bororo/bor_lex07-benito-IMG_8684/kara.wav,data/converted_audio/bororo/sd1775409631_2.wav,kara
kado01.wav,bororo/bor_lex07-benito-IMG_8684/kado01.wav,data/converted_audio/bororo/sd1775409632_1.wav,kado
kado01.wav,bororo/bor_lex07-benito-IMG_8684/kado01.wav,data/converted_audio/bororo/sd1775409632_2.wav,kado
mata.wav,bororo/bor_lex07-benito-IMG_8684/mata.wav,data/converted_audio/bororo/sd1775409633_1.wav,mata
mata.wav,bororo/bor_lex07-benito-IMG_8684/mata.wav,data/converted_audio/bororo/sd1775409633_2.wav,mata
rugoduwo.wav,bororo/bor_lex07-benito-IMG_8684/rugoduwo.wav,data/converted_audio/bororo/sd1775409634_1.wav,rugoduwo
rugoduwo.wav,bororo/bor_lex07-benito-IMG_8684/rugoduwo.wav,data/converted_audio/bororo/sd1775409634_2.wav,rugoduwo
kurire01.wav,bororo/bor_lex07-benito-IMG_8684/kurire01.wav,data/converted_audio/bororo/sd1775409635_1.wav,kurire
kurire01.wav,bororo/bor_lex07-benito-IMG_8684/kurire01.wav,data/converted_audio/bororo/sd1775409635_2.wav,kurire
ra.wav,bororo/bor_lex07-benito-IMG_8684/ra.wav,data/converted_audio/bororo/sd1775409636_1.wav,ra
ra.wav,bororo/bor_lex07-benito-IMG_8684/ra.wav,data/converted_audio/bororo/sd1775409636_2.wav,ra
toedoJi.wav,bororo/bor_lex07-benito-IMG_8684/toedoJi.wav,data/converted_audio/bororo/sd1775409637_1.wav,toedo ji
toedoJi.wav,bororo/bor_lex07-benito-IMG_8684/toedoJi.wav,data/converted_audio/bororo/sd1775409637_2.wav,toedo ji
raru01.wav,bororo/bor_lex07-benito-IMG_8684/raru01.wav,data/converted_audio/bororo/sd1775409638_1.wav,raru
raru01.wav,bororo/bor_lex07-benito-IMG_8684/raru01.wav,data/converted_audio/bororo/sd1775409638_2.wav,raru
akirodoJi.wav,bororo/bor_lex07-benito-IMG_8684/akirodoJi.wav,data/converted_audio/bororo/sd1775409639_1.wav,akirodo ji
akirodoJi.wav,bororo/bor_lex07-benito-IMG_8684/akirodoJi.wav,data/converted_audio/bororo/sd1775409639_2.wav,akirodo ji
oiaga.wav,bororo/bor_lex07-benito-IMG_8684/oiaga.wav,data/converted_audio/bororo/sd1775409640_1.wav,oiaga
oiaga.wav,bororo/bor_lex07-benito-IMG_8684/oiaga.wav,data/converted_audio/bororo/sd1775409640_2.wav,oiaga
anabo.wav,bororo/bor_lex07-benito-IMG_8684/anabo.wav,data/converted_audio/bororo/sd1775409641_1.wav,anabo
anabo.wav,bororo/bor_lex07-benito-IMG_8684/anabo.wav,data/converted_audio/bororo/sd1775409641_2.wav,anabo
kidudo.wav,bororo/bor_lex07-benito-IMG_8684/kidudo.wav,data/converted_audio/bororo/sd1775409642_1.wav,kidudo
kidudo.wav,bororo/bor_lex07-benito-IMG_8684/kidudo.wav,data/converted_audio/bororo/sd1775409642_2.wav,kidudo
joruduwawo.wav,bororo/bor_lex07-benito-IMG_8684/joruduwawo.wav,data/converted_audio/bororo/sd1775409643_1.wav,joruduwawo
joruduwawo.wav,bororo/bor_lex07-benito-IMG_8684/joruduwawo.wav,data/converted_audio/bororo/sd1775409643_2.wav,joruduwawo
barigodu.wav,bororo/bor_lex07-benito-IMG_8684/barigodu.wav,data/converted_audio/bororo/sd1775409644_1.wav,barigodu
barigodu.wav,bororo/bor_lex07-benito-IMG_8684/barigodu.wav,data/converted_audio/bororo/sd1775409644_2.wav,barigodu
kowaru.wav,bororo/bor_lex07-benito-IMG_8684/kowaru.wav,data/converted_audio/bororo/sd1775409645_1.wav,kowaru
kowaru.wav,bororo/bor_lex07-benito-IMG_8684/kowaru.wav,data/converted_audio/bororo/sd1775409645_2.wav,kowaru
iuga.wav,bororo/bor_lex07-benito-IMG_8684/iuga.wav,data/converted_audio/bororo/sd1775409646_1.wav,iuga
iuga.wav,bororo/bor_lex07-benito-IMG_8684/iuga.wav,data/converted_audio/bororo/sd1775409646_2.wav,iuga
biaku.wav,bororo/bor_lex07-benito-IMG_8684/biaku.wav,data/converted_audio/bororo/sd1775409647_1.wav,biaku
biaku.wav,bororo/bor_lex07-benito-IMG_8684/biaku.wav,data/converted_audio/bororo/sd1775409647_2.wav,biaku
pega.wav,bororo/bor_lex07-benito-IMG_8684/pega.wav,data/converted_audio/bororo/sd1775409648_1.wav,pega
pega.wav,bororo/bor_lex07-benito-IMG_8684/pega.wav,data/converted_audio/bororo/sd1775409648_2.wav,pega
ao02.wav,bororo/bor_lex07-benito-IMG_8684/ao02.wav,data/converted_audio/bororo/sd1775409649_1.wav,ao
ao02.wav,bororo/bor_lex07-benito-IMG_8684/ao02.wav,data/converted_audio/bororo/sd1775409649_2.wav,ao
kiogo.wav,bororo/bor_lex07-benito-IMG_8684/kiogo.wav,data/converted_audio/bororo/sd1775409650_1.wav,kiogo
kiogo.wav,bororo/bor_lex07-benito-IMG_8684/kiogo.wav,data/converted_audio/bororo/sd1775409650_2.wav,kiogo
jere.wav,bororo/bor_lex07-benito-IMG_8684/jere.wav,data/converted_audio/bororo/sd1775409651_1.wav,jere
jere.wav,bororo/bor_lex07-benito-IMG_8684/jere.wav,data/converted_audio/bororo/sd1775409651_2.wav,jere
motudure.wav,bororo/bor_lex07-benito-IMG_8684/motudure.wav,data/converted_audio/bororo/sd1775409652_1.wav,motudure
motudure.wav,bororo/bor_lex07-benito-IMG_8684/motudure.wav,data/converted_audio/bororo/sd1775409652_2.wav,motudure
ogwariwo.wav,bororo/bor_lex07-benito-IMG_8684/ogwariwo.wav,data/converted_audio/bororo/sd1775409653_1.wav,ogwariwo
ogwariwo.wav,bororo/bor_lex07-benito-IMG_8684/ogwariwo.wav,data/converted_audio/bororo/sd1775409653_2.wav,ogwariwo
tuwoTuwu.wav,bororo/bor_lex07-benito-IMG_8684/tuwoTuwu.wav,data/converted_audio/bororo/sd1775409654_1.wav,tuwo tuwu
tuwoTuwu.wav,bororo/bor_lex07-benito-IMG_8684/tuwoTuwu.wav,data/converted_audio/bororo/sd1775409654_2.wav,tuwo tuwu
core.wav,bororo/bor_lex07-benito-IMG_8684/core.wav,data/converted_audio/bororo/sd1775409655_1.wav,core
core.wav,bororo/bor_lex07-benito-IMG_8684/core.wav,data/converted_audio/bororo/sd1775409655_2.wav,core
boeEtugu.wav,bororo/bor_lex07-benito-IMG_8684/boeEtugu.wav,data/converted_audio/bororo/sd1775409656_1.wav,boe etugu
boeEtugu.wav,bororo/bor_lex07-benito-IMG_8684/boeEtugu.wav,data/converted_audio/bororo/sd1775409656_2.wav,boe etugu
jameduBoe.wav,bororo/bor_lex07-benito-IMG_8684/jameduBoe.wav,data/converted_audio/bororo/sd1775409657_1.wav,jamedu boe
jameduBoe.wav,bororo/bor_lex07-benito-IMG_8684/jameduBoe.wav,data/converted_audio/bororo/sd1775409657_2.wav,jamedu boe
mecege.wav,bororo/bor_lex07-benito-IMG_8684/mecege.wav,data/converted_audio/bororo/sd1775409658_1.wav,mecege
mecege.wav,bororo/bor_lex07-benito-IMG_8684/mecege.wav,data/converted_audio/bororo/sd1775409658_2.wav,mecege
iugwa01.wav,bororo/bor_lex07-benito-IMG_8684/iugwa01.wav,data/converted_audio/bororo/sd1775409659_1.wav,iugwa
iugwa01.wav,bororo/bor_lex07-benito-IMG_8684/iugwa01.wav,data/converted_audio/bororo/sd1775409659_2.wav,iugwa
urure.wav,bororo/bor_lex07-benito-IMG_8684/urure.wav,data/converted_audio/bororo/sd1775409660_1.wav,urure
urure.wav,bororo/bor_lex07-benito-IMG_8684/urure.wav,data/converted_audio/bororo/sd1775409660_2.wav,urure
merireKoduTabo.wav,bororo/bor_lex07-benito-IMG_8684/merireKoduTabo.wav,data/converted_audio/bororo/sd1775409661_1.wav,merire kodu tabo
merireKoduTabo.wav,bororo/bor_lex07-benito-IMG_8684/merireKoduTabo.wav,data/converted_audio/bororo/sd1775409661_2.wav,merire kodu tabo
ereBaraKudo.wav,bororo/bor_lex07-benito-IMG_8684/ereBaraKudo.wav,data/converted_audio/bororo/sd1775409662_1.wav,ere bara kudo
ereBaraKudo.wav,bororo/bor_lex07-benito-IMG_8684/ereBaraKudo.wav,data/converted_audio/bororo/sd1775409662_2.wav,ere bara kudo
boeCore.wav,bororo/bor_lex07-benito-IMG_8684/boeCore.wav,data/converted_audio/bororo/sd1775409663_1.wav,boe core
boeCore.wav,bororo/bor_lex07-benito-IMG_8684/boeCore.wav,data/converted_audio/bororo/sd1775409663_2.wav,boe core
dugeruKabiJi.wav,bororo/bor_lex07-benito-IMG_8684/dugeruKabiJi.wav,data/converted_audio/bororo/sd1775409664_1.wav,dugeru kabi ji
dugeruKabiJi.wav,bororo/bor_lex07-benito-IMG_8684/dugeruKabiJi.wav,data/converted_audio/bororo/sd1775409664_2.wav,dugeru kabi ji
mokuro02.wav,bororo/bor_lex07-benito-IMG_8684/mokuro02.wav,data/converted_audio/bororo/sd1775409665_1.wav,mokuro
mokuro02.wav,bororo/bor_lex07-benito-IMG_8684/mokuro02.wav,data/converted_audio/bororo/sd1775409665_2.wav,mokuro
boeKu.wav,bororo/bor_lex07-benito-IMG_8684/boeKu.wav,data/converted_audio/bororo/sd1775409666_1.wav,boe ku
boeKu.wav,bororo/bor_lex07-benito-IMG_8684/boeKu.wav,data/converted_audio/bororo/sd1775409666_2.wav,boe ku
joruTugu.wav,bororo/bor_lex07-benito-IMG_8684/joruTugu.wav,data/converted_audio/bororo/sd1775409667_1.wav,joru tugu
joruTugu.wav,bororo/bor_lex07-benito-IMG_8684/joruTugu.wav,data/converted_audio/bororo/sd1775409667_2.wav,joru tugu
kire.wav,bororo/bor_lex07-benito-IMG_8684/kire.wav,data/converted_audio/bororo/sd1775409668_1.wav,kire
kire.wav,bororo/bor_lex07-benito-IMG_8684/kire.wav,data/converted_audio/bororo/sd1775409668_2.wav,kire
Leonida_akedu01.wav,bororo/bor_lex18-leonida-whatsapp290525/Leonida_akedu01.wav,data/converted_audio/bororo/sd1775409669_1.wav,akedu
Leonida_akedu01.wav,bororo/bor_lex18-leonida-whatsapp290525/Leonida_akedu01.wav,data/converted_audio/bororo/sd1775409669_2.wav,akedu
Leonida_akedo.wav,bororo/bor_lex18-leonida-whatsapp290525/Leonida_akedo.wav,data/converted_audio/bororo/sd1775409670_1.wav,akedo
Leonida_akedo.wav,bororo/bor_lex18-leonida-whatsapp290525/Leonida_akedo.wav,data/converted_audio/bororo/sd1775409670_2.wav,akedo
Leonida_ikuduwo.wav,bororo/bor_lex03-leonida-IMG_0688/Leonida_ikuduwo.wav,data/converted_audio/bororo/sd1775409671_1.wav,ikuduwo
Leonida_ikuduwo.wav,bororo/bor_lex03-leonida-IMG_0688/Leonida_ikuduwo.wav,data/converted_audio/bororo/sd1775409671_2.wav,ikuduwo
Leonida_bito.wav,bororo/bor_lex03-leonida-IMG_0688/Leonida_bito.wav,data/converted_audio/bororo/sd1775409672_1.wav,bito
Leonida_bito.wav,bororo/bor_lex03-leonida-IMG_0688/Leonida_bito.wav,data/converted_audio/bororo/sd1775409672_2.wav,bito
Leonida_iwu.wav,bororo/bor_lex03-leonida-IMG_0688/Leonida_iwu.wav,data/converted_audio/bororo/sd1775409673_1.wav,iwu
Leonida_iwu.wav,bororo/bor_lex03-leonida-IMG_0688/Leonida_iwu.wav,data/converted_audio/bororo/sd1775409673_2.wav,iwu
Leonida_inogwagewo.wav,bororo/bor_lex03-leonida-IMG_0688/Leonida_inogwagewo.wav,data/converted_audio/bororo/sd1775409674_1.wav,inogwagewo
Leonida_inogwagewo.wav,bororo/bor_lex03-leonida-IMG_0688/Leonida_inogwagewo.wav,data/converted_audio/bororo/sd1775409674_2.wav,inogwagewo
Leonida_itojodoKeje.wav,bororo/bor_lex03-leonida-IMG_0688/Leonida_itojodoKeje.wav,data/converted_audio/bororo/sd1775409675_1.wav,itojodo keje
Leonida_itojodoKeje.wav,bororo/bor_lex03-leonida-IMG_0688/Leonida_itojodoKeje.wav,data/converted_audio/bororo/sd1775409675_2.wav,itojodo keje
Leonida_joroduwawo.wav,bororo/bor_lex03-leonida-IMG_0688/Leonida_joroduwawo.wav,data/converted_audio/bororo/sd1775409676_1.wav,joroduwawo
Leonida_joroduwawo.wav,bororo/bor_lex03-leonida-IMG_0688/Leonida_joroduwawo.wav,data/converted_audio/bororo/sd1775409676_2.wav,joroduwawo
Leonida_ibiwo.wav,bororo/bor_lex03-leonida-IMG_0688/Leonida_ibiwo.wav,data/converted_audio/bororo/sd1775409677_1.wav,ibiwo
Leonida_ibiwo.wav,bororo/bor_lex03-leonida-IMG_0688/Leonida_ibiwo.wav,data/converted_audio/bororo/sd1775409677_2.wav,ibiwo
Leonida_taregoduwo.wav,bororo/bor_lex03-leonida-IMG_0688/Leonida_taregoduwo.wav,data/converted_audio/bororo/sd1775409678_1.wav,taregoduwo
Leonida_taregoduwo.wav,bororo/bor_lex03-leonida-IMG_0688/Leonida_taregoduwo.wav,data/converted_audio/bororo/sd1775409678_2.wav,taregoduwo
Leonida_ibiapagawo.wav,bororo/bor_lex03-leonida-IMG_0688/Leonida_ibiapagawo.wav,data/converted_audio/bororo/sd1775409679_1.wav,ibiapagawo
Leonida_ibiapagawo.wav,bororo/bor_lex03-leonida-IMG_0688/Leonida_ibiapagawo.wav,data/converted_audio/bororo/sd1775409679_2.wav,ibiapagawo
Leonida_inuduwo.wav,bororo/bor_lex03-leonida-IMG_0688/Leonida_inuduwo.wav,data/converted_audio/bororo/sd1775409680_1.wav,inuduwo
Leonida_inuduwo.wav,bororo/bor_lex03-leonida-IMG_0688/Leonida_inuduwo.wav,data/converted_audio/bororo/sd1775409680_2.wav,inuduwo
eru02.wav,bororo/bor_lex10-benito-IMG_8685/eru02.wav,data/converted_audio/bororo/sd1775409681_1.wav,eru
eru02.wav,bororo/bor_lex10-benito-IMG_8685/eru02.wav,data/converted_audio/bororo/sd1775409681_2.wav,eru
bakuru01.wav,bororo/bor_lex10-benito-IMG_8685/bakuru01.wav,data/converted_audio/bororo/sd1775409682_1.wav,bakuru
bakuru01.wav,bororo/bor_lex10-benito-IMG_8685/bakuru01.wav,data/converted_audio/bororo/sd1775409682_2.wav,bakuru
ira.wav,bororo/bor_lex10-benito-IMG_8685/ira.wav,data/converted_audio/bororo/sd1775409683_1.wav,ira
ira.wav,bororo/bor_lex10-benito-IMG_8685/ira.wav,data/converted_audio/bororo/sd1775409683_2.wav,ira
arigao01.wav,bororo/bor_lex10-benito-IMG_8685/arigao01.wav,data/converted_audio/bororo/sd1775409684_1.wav,arigao
arigao01.wav,bororo/bor_lex10-benito-IMG_8685/arigao01.wav,data/converted_audio/bororo/sd1775409684_2.wav,arigao
o02.wav,bororo/bor_lex10-benito-IMG_8685/o02.wav,data/converted_audio/bororo/sd1775409685_1.wav,o
o02.wav,bororo/bor_lex10-benito-IMG_8685/o02.wav,data/converted_audio/bororo/sd1775409685_2.wav,o
ipegoduwo.wav,bororo/bor_lex10-benito-IMG_8685/ipegoduwo.wav,data/converted_audio/bororo/sd1775409686_1.wav,ipegoduwo
ipegoduwo.wav,bororo/bor_lex10-benito-IMG_8685/ipegoduwo.wav,data/converted_audio/bororo/sd1775409686_2.wav,ipegoduwo
jawumeriji.wav,bororo/bor_lex10-benito-IMG_8685/jawumeriji.wav,data/converted_audio/bororo/sd1775409687_1.wav,jawumeriji
jawumeriji.wav,bororo/bor_lex10-benito-IMG_8685/jawumeriji.wav,data/converted_audio/bororo/sd1775409687_2.wav,jawumeriji
ora.wav,bororo/bor_lex10-benito-IMG_8685/ora.wav,data/converted_audio/bororo/sd1775409688_1.wav,ora
ora.wav,bororo/bor_lex10-benito-IMG_8685/ora.wav,data/converted_audio/bororo/sd1775409688_2.wav,ora
igeduba.wav,bororo/bor_lex10-benito-IMG_8685/igeduba.wav,data/converted_audio/bororo/sd1775409689_1.wav,igeduba
igeduba.wav,bororo/bor_lex10-benito-IMG_8685/igeduba.wav,data/converted_audio/bororo/sd1775409689_2.wav,igeduba
peagoduwo.wav,bororo/bor_lex10-benito-IMG_8685/peagoduwo.wav,data/converted_audio/bororo/sd1775409690_1.wav,peagoduwo
peagoduwo.wav,bororo/bor_lex10-benito-IMG_8685/peagoduwo.wav,data/converted_audio/bororo/sd1775409690_2.wav,peagoduwo
kaiba.wav,bororo/bor_lex10-benito-IMG_8685/kaiba.wav,data/converted_audio/bororo/sd1775409691_1.wav,kaiba
kaiba.wav,bororo/bor_lex10-benito-IMG_8685/kaiba.wav,data/converted_audio/bororo/sd1775409691_2.wav,kaiba
iporu.wav,bororo/bor_lex10-benito-IMG_8685/iporu.wav,data/converted_audio/bororo/sd1775409692_1.wav,iporu
iporu.wav,bororo/bor_lex10-benito-IMG_8685/iporu.wav,data/converted_audio/bororo/sd1775409692_2.wav,iporu
tugo01.wav,bororo/bor_lex10-benito-IMG_8685/tugo01.wav,data/converted_audio/bororo/sd1775409693_1.wav,tugo
tugo01.wav,bororo/bor_lex10-benito-IMG_8685/tugo01.wav,data/converted_audio/bororo/sd1775409693_2.wav,tugo
atuge.wav,bororo/bor_lex10-benito-IMG_8685/atuge.wav,data/converted_audio/bororo/sd1775409694_1.wav,atuge
atuge.wav,bororo/bor_lex10-benito-IMG_8685/atuge.wav,data/converted_audio/bororo/sd1775409694_2.wav,atuge
kigadurewu.wav,bororo/bor_lex10-benito-IMG_8685/kigadurewu.wav,data/converted_audio/bororo/sd1775409695_1.wav,kigadurewu
kigadurewu.wav,bororo/bor_lex10-benito-IMG_8685/kigadurewu.wav,data/converted_audio/bororo/sd1775409695_2.wav,kigadurewu
kagariga01.wav,bororo/bor_lex10-benito-IMG_8685/kagariga01.wav,data/converted_audio/bororo/sd1775409696_1.wav,kagariga
kagariga01.wav,bororo/bor_lex10-benito-IMG_8685/kagariga01.wav,data/converted_audio/bororo/sd1775409696_2.wav,kagariga
ibure.wav,bororo/bor_lex10-benito-IMG_8685/ibure.wav,data/converted_audio/bororo/sd1775409697_1.wav,ibure
ibure.wav,bororo/bor_lex10-benito-IMG_8685/ibure.wav,data/converted_audio/bororo/sd1775409697_2.wav,ibure
ipobona.wav,bororo/bor_lex10-benito-IMG_8685/ipobona.wav,data/converted_audio/bororo/sd1775409698_1.wav,ipobona
ipobona.wav,bororo/bor_lex10-benito-IMG_8685/ipobona.wav,data/converted_audio/bororo/sd1775409698_2.wav,ipobona
baroguato01.wav,bororo/bor_lex10-benito-IMG_8685/baroguato01.wav,data/converted_audio/bororo/sd1775409699_1.wav,baroguato
baroguato01.wav,bororo/bor_lex10-benito-IMG_8685/baroguato01.wav,data/converted_audio/bororo/sd1775409699_2.wav,baroguato
nuba.wav,bororo/bor_lex10-benito-IMG_8685/nuba.wav,data/converted_audio/bororo/sd1775409700_1.wav,nuba
nuba.wav,bororo/bor_lex10-benito-IMG_8685/nuba.wav,data/converted_audio/bororo/sd1775409700_2.wav,nuba
ikiguruduwo.wav,bororo/bor_lex10-benito-IMG_8685/ikiguruduwo.wav,data/converted_audio/bororo/sd1775409701_1.wav,ikiguruduwo
ikiguruduwo.wav,bororo/bor_lex10-benito-IMG_8685/ikiguruduwo.wav,data/converted_audio/bororo/sd1775409701_2.wav,ikiguruduwo
ikera.wav,bororo/bor_lex10-benito-IMG_8685/ikera.wav,data/converted_audio/bororo/sd1775409702_1.wav,ikera
ikera.wav,bororo/bor_lex10-benito-IMG_8685/ikera.wav,data/converted_audio/bororo/sd1775409702_2.wav,ikera
Leonida_raraGodure.wav,bororo/bor_lex14-leonida-IMG_8799/Leonida_raraGodure.wav,data/converted_audio/bororo/sd1775409703_1.wav,rara godure
Leonida_raraGodure.wav,bororo/bor_lex14-leonida-IMG_8799/Leonida_raraGodure.wav,data/converted_audio/bororo/sd1775409703_2.wav,rara godure
meridodu.wav,bororo/bor_lex09-benito-IMG_8685/meridodu.wav,data/converted_audio/bororo/sd1775409704_1.wav,meridodu
meridodu.wav,bororo/bor_lex09-benito-IMG_8685/meridodu.wav,data/converted_audio/bororo/sd1775409704_2.wav,meridodu
three_pobeMaJewuMetuiaBokware.wav,bororo/bor_lex09-benito-IMG_8685/three_pobeMaJewuMetuiaBokware.wav,data/converted_audio/bororo/sd1775409705_1.wav,pobe ma jewu metuia bokware
three_pobeMaJewuMetuiaBokware.wav,bororo/bor_lex09-benito-IMG_8685/three_pobeMaJewuMetuiaBokware.wav,data/converted_audio/bororo/sd1775409705_2.wav,pobe ma jewu metuia bokware
toriKurirewu.wav,bororo/bor_lex09-benito-IMG_8685/toriKurirewu.wav,data/converted_audio/bororo/sd1775409706_1.wav,tori kurirewu
toriKurirewu.wav,bororo/bor_lex09-benito-IMG_8685/toriKurirewu.wav,data/converted_audio/bororo/sd1775409706_2.wav,tori kurirewu
kugudugodure01.wav,bororo/bor_lex09-benito-IMG_8685/kugudugodure01.wav,data/converted_audio/bororo/sd1775409707_1.wav,kugudugodure
kugudugodure01.wav,bororo/bor_lex09-benito-IMG_8685/kugudugodure01.wav,data/converted_audio/bororo/sd1775409707_2.wav,kugudugodure
meririJira.wav,bororo/bor_lex09-benito-IMG_8685/meririJira.wav,data/converted_audio/bororo/sd1775409708_1.wav,meriri jira
meririJira.wav,bororo/bor_lex09-benito-IMG_8685/meririJira.wav,data/converted_audio/bororo/sd1775409708_2.wav,meriri jira
paro.wav,bororo/bor_lex09-benito-IMG_8685/paro.wav,data/converted_audio/bororo/sd1775409709_1.wav,paro
paro.wav,bororo/bor_lex09-benito-IMG_8685/paro.wav,data/converted_audio/bororo/sd1775409709_2.wav,paro
awagu01.wav,bororo/bor_lex09-benito-IMG_8685/awagu01.wav,data/converted_audio/bororo/sd1775409710_1.wav,awagu
awagu01.wav,bororo/bor_lex09-benito-IMG_8685/awagu01.wav,data/converted_audio/bororo/sd1775409710_2.wav,awagu
okwa02.wav,bororo/bor_lex09-benito-IMG_8685/okwa02.wav,data/converted_audio/bororo/sd1775409711_1.wav,okwa
okwa02.wav,bororo/bor_lex09-benito-IMG_8685/okwa02.wav,data/converted_audio/bororo/sd1775409711_2.wav,okwa
bakaiga01.wav,bororo/bor_lex09-benito-IMG_8685/bakaiga01.wav,data/converted_audio/bororo/sd1775409712_1.wav,bakaiga
bakaiga01.wav,bororo/bor_lex09-benito-IMG_8685/bakaiga01.wav,data/converted_audio/bororo/sd1775409712_2.wav,bakaiga
play.wav,bororo/bor_lex09-benito-IMG_8685/play.wav,data/converted_audio/bororo/sd1775409713_1.wav,play
play.wav,bororo/bor_lex09-benito-IMG_8685/play.wav,data/converted_audio/bororo/sd1775409713_2.wav,play
kugaru02.wav,bororo/bor_lex09-benito-IMG_8685/kugaru02.wav,data/converted_audio/bororo/sd1775409714_1.wav,kugaru
kugaru02.wav,bororo/bor_lex09-benito-IMG_8685/kugaru02.wav,data/converted_audio/bororo/sd1775409714_2.wav,kugaru
pig.wav,bororo/bor_lex09-benito-IMG_8685/pig.wav,data/converted_audio/bororo/sd1775409715_1.wav,pig
pig.wav,bororo/bor_lex09-benito-IMG_8685/pig.wav,data/converted_audio/bororo/sd1775409715_2.wav,pig
ie.wav,bororo/bor_lex09-benito-IMG_8685/ie.wav,data/converted_audio/bororo/sd1775409716_1.wav,ie
ie.wav,bororo/bor_lex09-benito-IMG_8685/ie.wav,data/converted_audio/bororo/sd1775409716_2.wav,ie
boaduwo.wav,bororo/bor_lex09-benito-IMG_8685/boaduwo.wav,data/converted_audio/bororo/sd1775409717_1.wav,boaduwo
boaduwo.wav,bororo/bor_lex09-benito-IMG_8685/boaduwo.wav,data/converted_audio/bororo/sd1775409717_2.wav,boaduwo
ikeraPudagiduMetiaBokuare.wav,bororo/bor_lex09-benito-IMG_8685/ikeraPudagiduMetiaBokuare.wav,data/converted_audio/bororo/sd1775409718_1.wav,ikera pudagidu metia bokuare
ikeraPudagiduMetiaBokuare.wav,bororo/bor_lex09-benito-IMG_8685/ikeraPudagiduMetiaBokuare.wav,data/converted_audio/bororo/sd1775409718_2.wav,ikera pudagidu metia bokuare
itoru02.wav,bororo/bor_lex09-benito-IMG_8685/itoru02.wav,data/converted_audio/bororo/sd1775409719_1.wav,itoru
itoru02.wav,bororo/bor_lex09-benito-IMG_8685/itoru02.wav,data/converted_audio/bororo/sd1775409719_2.wav,itoru
tuwe.wav,bororo/bor_lex09-benito-IMG_8685/tuwe.wav,data/converted_audio/bororo/sd1775409720_1.wav,tuwe
tuwe.wav,bororo/bor_lex09-benito-IMG_8685/tuwe.wav,data/converted_audio/bororo/sd1775409720_2.wav,tuwe
jeredudu01.wav,bororo/bor_lex09-benito-IMG_8685/jeredudu01.wav,data/converted_audio/bororo/sd1775409721_1.wav,jeredudu
jeredudu01.wav,bororo/bor_lex09-benito-IMG_8685/jeredudu01.wav,data/converted_audio/bororo/sd1775409721_2.wav,jeredudu
one.wav,bororo/bor_lex09-benito-IMG_8685/one.wav,data/converted_audio/bororo/sd1775409722_1.wav,one
one.wav,bororo/bor_lex09-benito-IMG_8685/one.wav,data/converted_audio/bororo/sd1775409722_2.wav,one
barigu01.wav,bororo/bor_lex09-benito-IMG_8685/barigu01.wav,data/converted_audio/bororo/sd1775409723_1.wav,barigu
barigu01.wav,bororo/bor_lex09-benito-IMG_8685/barigu01.wav,data/converted_audio/bororo/sd1775409723_2.wav,barigu
pobePoibiji.wav,bororo/bor_lex09-benito-IMG_8685/pobePoibiji.wav,data/converted_audio/bororo/sd1775409724_1.wav,pobe poibiji
pobePoibiji.wav,bororo/bor_lex09-benito-IMG_8685/pobePoibiji.wav,data/converted_audio/bororo/sd1775409724_2.wav,pobe poibiji
153536_jussila_toreBoudoOcarore.webm,bororo/Taradrimana/2026-01-26/153536_jussila_toreBoudoOcarore.webm,data/converted_audio/bororo/sd1775409725_1.wav,tore boudo ocarore
153536_jussila_toreBoudoOcarore.webm,bororo/Taradrimana/2026-01-26/153536_jussila_toreBoudoOcarore.webm,data/converted_audio/bororo/sd1775409725_2.wav,tore boudo ocarore
125500_Elizete_boeKarega.webm,bororo/Taradrimana/2026-01-26/125500_Elizete_boeKarega.webm,data/converted_audio/bororo/sd1775409726_1.wav,boe karega
125500_Elizete_boeKarega.webm,bororo/Taradrimana/2026-01-26/125500_Elizete_boeKarega.webm,data/converted_audio/bororo/sd1775409726_2.wav,boe karega
125935_Elizete_pogurure.webm,bororo/Taradrimana/2026-01-26/125935_Elizete_pogurure.webm,data/converted_audio/bororo/sd1775409727_1.wav,pogurure
125935_Elizete_pogurure.webm,bororo/Taradrimana/2026-01-26/125935_Elizete_pogurure.webm,data/converted_audio/bororo/sd1775409727_2.wav,pogurure
140704_erotildes_ju.webm,bororo/Taradrimana/2026-01-26/140704_erotildes_ju.webm,data/converted_audio/bororo/sd1775409728_1.wav,ju
140704_erotildes_ju.webm,bororo/Taradrimana/2026-01-26/140704_erotildes_ju.webm,data/converted_audio/bororo/sd1775409728_2.wav,ju
130425_Erotildes_arega.webm,bororo/Taradrimana/2026-01-26/130425_Erotildes_arega.webm,data/converted_audio/bororo/sd1775409729_1.wav,arega
130425_Erotildes_arega.webm,bororo/Taradrimana/2026-01-26/130425_Erotildes_arega.webm,data/converted_audio/bororo/sd1775409729_2.wav,arega
133125_Elizete_emage.webm,bororo/Taradrimana/2026-01-26/133125_Elizete_emage.webm,data/converted_audio/bororo/sd1775409730_1.wav,emage
133125_Elizete_emage.webm,bororo/Taradrimana/2026-01-26/133125_Elizete_emage.webm,data/converted_audio/bororo/sd1775409730_2.wav,emage
131650_Elizete_bowuje.webm,bororo/Taradrimana/2026-01-26/131650_Elizete_bowuje.webm,data/converted_audio/bororo/sd1775409731_1.wav,bowuje
131650_Elizete_bowuje.webm,bororo/Taradrimana/2026-01-26/131650_Elizete_bowuje.webm,data/converted_audio/bororo/sd1775409731_2.wav,bowuje
154948_jussila_toreBoudoKado.webm,bororo/Taradrimana/2026-01-26/154948_jussila_toreBoudoKado.webm,data/converted_audio/bororo/sd1775409732_1.wav,tore boudo kado
154948_jussila_toreBoudoKado.webm,bororo/Taradrimana/2026-01-26/154948_jussila_toreBoudoKado.webm,data/converted_audio/bororo/sd1775409732_2.wav,tore boudo kado
130136_Elizete_oraBu.webm,bororo/Taradrimana/2026-01-26/130136_Elizete_oraBu.webm,data/converted_audio/bororo/sd1775409733_1.wav,ora bu
130136_Elizete_oraBu.webm,bororo/Taradrimana/2026-01-26/130136_Elizete_oraBu.webm,data/converted_audio/bororo/sd1775409733_2.wav,ora bu
132440_Elizete_bope.webm,bororo/Taradrimana/2026-01-26/132440_Elizete_bope.webm,data/converted_audio/bororo/sd1775409734_1.wav,bope
132440_Elizete_bope.webm,bororo/Taradrimana/2026-01-26/132440_Elizete_bope.webm,data/converted_audio/bororo/sd1775409734_2.wav,bope
133900_Elizete_iRa.webm,bororo/Taradrimana/2026-01-26/133900_Elizete_iRa.webm,data/converted_audio/bororo/sd1775409735_1.wav,i ra
133900_Elizete_iRa.webm,bororo/Taradrimana/2026-01-26/133900_Elizete_iRa.webm,data/converted_audio/bororo/sd1775409735_2.wav,i ra
142806_erotildes_boeetore.webm,bororo/Taradrimana/2026-01-26/142806_erotildes_boeetore.webm,data/converted_audio/bororo/sd1775409736_1.wav,boeetore
142806_erotildes_boeetore.webm,bororo/Taradrimana/2026-01-26/142806_erotildes_boeetore.webm,data/converted_audio/bororo/sd1775409736_2.wav,boeetore
145834_jussila_toreBoudoJoru.webm,bororo/Taradrimana/2026-01-26/145834_jussila_toreBoudoJoru.webm,data/converted_audio/bororo/sd1775409737_1.wav,tore boudo joru
145834_jussila_toreBoudoJoru.webm,bororo/Taradrimana/2026-01-26/145834_jussila_toreBoudoJoru.webm,data/converted_audio/bororo/sd1775409737_2.wav,tore boudo joru
125809_Elizete_orebaru.webm,bororo/Taradrimana/2026-01-26/125809_Elizete_orebaru.webm,data/converted_audio/bororo/sd1775409738_1.wav,orebaru
125809_Elizete_orebaru.webm,bororo/Taradrimana/2026-01-26/125809_Elizete_orebaru.webm,data/converted_audio/bororo/sd1775409738_2.wav,orebaru
142003_erotildes_meartoru.webm,bororo/Taradrimana/2026-01-26/142003_erotildes_meartoru.webm,data/converted_audio/bororo/sd1775409739_1.wav,meartoru
142003_erotildes_meartoru.webm,bororo/Taradrimana/2026-01-26/142003_erotildes_meartoru.webm,data/converted_audio/bororo/sd1775409739_2.wav,meartoru
141818_erotildes_maido.webm,bororo/Taradrimana/2026-01-26/141818_erotildes_maido.webm,data/converted_audio/bororo/sd1775409740_1.wav,maido
141818_erotildes_maido.webm,bororo/Taradrimana/2026-01-26/141818_erotildes_maido.webm,data/converted_audio/bororo/sd1775409740_2.wav,maido
142438_erotildes_okwa.webm,bororo/Taradrimana/2026-01-26/142438_erotildes_okwa.webm,data/converted_audio/bororo/sd1775409741_1.wav,okwa
142438_erotildes_okwa.webm,bororo/Taradrimana/2026-01-26/142438_erotildes_okwa.webm,data/converted_audio/bororo/sd1775409741_2.wav,okwa
161408_jussila_toreBoudoJoruCere.webm,bororo/Taradrimana/2026-01-26/161408_jussila_toreBoudoJoruCere.webm,data/converted_audio/bororo/sd1775409742_1.wav,tore boudo joru cere
161408_jussila_toreBoudoJoruCere.webm,bororo/Taradrimana/2026-01-26/161408_jussila_toreBoudoJoruCere.webm,data/converted_audio/bororo/sd1775409742_2.wav,tore boudo joru cere
143302_erotildes_pugeje.webm,bororo/Taradrimana/2026-01-26/143302_erotildes_pugeje.webm,data/converted_audio/bororo/sd1775409743_1.wav,pugeje
143302_erotildes_pugeje.webm,bororo/Taradrimana/2026-01-26/143302_erotildes_pugeje.webm,data/converted_audio/bororo/sd1775409743_2.wav,pugeje
150233_jussila_toreBoudoMicigu.webm,bororo/Taradrimana/2026-01-26/150233_jussila_toreBoudoMicigu.webm,data/converted_audio/bororo/sd1775409744_1.wav,tore boudo micigu
150233_jussila_toreBoudoMicigu.webm,bororo/Taradrimana/2026-01-26/150233_jussila_toreBoudoMicigu.webm,data/converted_audio/bororo/sd1775409744_2.wav,tore boudo micigu
131409_Elizete_bi.webm,bororo/Taradrimana/2026-01-26/131409_Elizete_bi.webm,data/converted_audio/bororo/sd1775409745_1.wav,bi
131409_Elizete_bi.webm,bororo/Taradrimana/2026-01-26/131409_Elizete_bi.webm,data/converted_audio/bororo/sd1775409745_2.wav,bi
131202_Elizete_bataru.webm,bororo/Taradrimana/2026-01-26/131202_Elizete_bataru.webm,data/converted_audio/bororo/sd1775409746_1.wav,bataru
131202_Elizete_bataru.webm,bororo/Taradrimana/2026-01-26/131202_Elizete_bataru.webm,data/converted_audio/bororo/sd1775409746_2.wav,bataru
151716_jussila_toreBoudoKajeje.webm,bororo/Taradrimana/2026-01-26/151716_jussila_toreBoudoKajeje.webm,data/converted_audio/bororo/sd1775409747_1.wav,tore boudo kajeje
151716_jussila_toreBoudoKajeje.webm,bororo/Taradrimana/2026-01-26/151716_jussila_toreBoudoKajeje.webm,data/converted_audio/bororo/sd1775409747_2.wav,tore boudo kajeje
161758_jussila_toreBoudoTuguMotoTo.webm,bororo/Taradrimana/2026-01-26/161758_jussila_toreBoudoTuguMotoTo.webm,data/converted_audio/bororo/sd1775409748_1.wav,tore boudo tugu moto to
161758_jussila_toreBoudoTuguMotoTo.webm,bororo/Taradrimana/2026-01-26/161758_jussila_toreBoudoTuguMotoTo.webm,data/converted_audio/bororo/sd1775409748_2.wav,tore boudo tugu moto to
155550_jussila_toreBoudoTowuje.webm,bororo/Taradrimana/2026-01-26/155550_jussila_toreBoudoTowuje.webm,data/converted_audio/bororo/sd1775409749_1.wav,tore boudo towuje
155550_jussila_toreBoudoTowuje.webm,bororo/Taradrimana/2026-01-26/155550_jussila_toreBoudoTowuje.webm,data/converted_audio/bororo/sd1775409749_2.wav,tore boudo towuje
132846_Elizete_eimejera.webm,bororo/Taradrimana/2026-01-26/132846_Elizete_eimejera.webm,data/converted_audio/bororo/sd1775409750_1.wav,eimejera
132846_Elizete_eimejera.webm,bororo/Taradrimana/2026-01-26/132846_Elizete_eimejera.webm,data/converted_audio/bororo/sd1775409750_2.wav,eimejera
144357_erotildes_taimo.webm,bororo/Taradrimana/2026-01-26/144357_erotildes_taimo.webm,data/converted_audio/bororo/sd1775409751_1.wav,taimo
144357_erotildes_taimo.webm,bororo/Taradrimana/2026-01-26/144357_erotildes_taimo.webm,data/converted_audio/bororo/sd1775409751_2.wav,taimo
135305_erotildes_jari.webm,bororo/Taradrimana/2026-01-26/135305_erotildes_jari.webm,data/converted_audio/bororo/sd1775409752_1.wav,jari
135305_erotildes_jari.webm,bororo/Taradrimana/2026-01-26/135305_erotildes_jari.webm,data/converted_audio/bororo/sd1775409752_2.wav,jari
150821_jussila_toreBoudoBoeKori.webm,bororo/Taradrimana/2026-01-26/150821_jussila_toreBoudoBoeKori.webm,data/converted_audio/bororo/sd1775409753_1.wav,tore boudo boe kori
150821_jussila_toreBoudoBoeKori.webm,bororo/Taradrimana/2026-01-26/150821_jussila_toreBoudoBoeKori.webm,data/converted_audio/bororo/sd1775409753_2.wav,tore boudo boe kori
130532_Elizete_aiwo.webm,bororo/Taradrimana/2026-01-26/130532_Elizete_aiwo.webm,data/converted_audio/bororo/sd1775409754_1.wav,aiwo
130532_Elizete_aiwo.webm,bororo/Taradrimana/2026-01-26/130532_Elizete_aiwo.webm,data/converted_audio/bororo/sd1775409754_2.wav,aiwo
154256_jussila_toreBoudoInoroeJa.webm,bororo/Taradrimana/2026-01-26/154256_jussila_toreBoudoInoroeJa.webm,data/converted_audio/bororo/sd1775409755_1.wav,tore boudo inoroe ja
154256_jussila_toreBoudoInoroeJa.webm,bororo/Taradrimana/2026-01-26/154256_jussila_toreBoudoInoroeJa.webm,data/converted_audio/bororo/sd1775409755_2.wav,tore boudo inoroe ja
130621_Elizete_aroe.webm,bororo/Taradrimana/2026-01-26/130621_Elizete_aroe.webm,data/converted_audio/bororo/sd1775409756_1.wav,aroe
130621_Elizete_aroe.webm,bororo/Taradrimana/2026-01-26/130621_Elizete_aroe.webm,data/converted_audio/bororo/sd1775409756_2.wav,aroe
125407_Elizete_ri.webm,bororo/Taradrimana/2026-01-26/125407_Elizete_ri.webm,data/converted_audio/bororo/sd1775409757_1.wav,ri
125407_Elizete_ri.webm,bororo/Taradrimana/2026-01-26/125407_Elizete_ri.webm,data/converted_audio/bororo/sd1775409757_2.wav,ri
140616_erotildes_boeragudo.webm,bororo/Taradrimana/2026-01-26/140616_erotildes_boeragudo.webm,data/converted_audio/bororo/sd1775409758_1.wav,boeragudo
140616_erotildes_boeragudo.webm,bororo/Taradrimana/2026-01-26/140616_erotildes_boeragudo.webm,data/converted_audio/bororo/sd1775409758_2.wav,boeragudo
155814_jussila_toreBoudoTowuje.webm,bororo/Taradrimana/2026-01-26/155814_jussila_toreBoudoTowuje.webm,data/converted_audio/bororo/sd1775409759_1.wav,tore boudo towuje
155814_jussila_toreBoudoTowuje.webm,bororo/Taradrimana/2026-01-26/155814_jussila_toreBoudoTowuje.webm,data/converted_audio/bororo/sd1775409759_2.wav,tore boudo towuje
162332_jussila_toreBoudoOredure.webm,bororo/Taradrimana/2026-01-26/162332_jussila_toreBoudoOredure.webm,data/converted_audio/bororo/sd1775409760_1.wav,tore boudo oredure
162332_jussila_toreBoudoOredure.webm,bororo/Taradrimana/2026-01-26/162332_jussila_toreBoudoOredure.webm,data/converted_audio/bororo/sd1775409760_2.wav,tore boudo oredure
161323_jussila_toreBoudoJorure.webm,bororo/Taradrimana/2026-01-26/161323_jussila_toreBoudoJorure.webm,data/converted_audio/bororo/sd1775409761_1.wav,tore boudo jorure
161323_jussila_toreBoudoJorure.webm,bororo/Taradrimana/2026-01-26/161323_jussila_toreBoudoJorure.webm,data/converted_audio/bororo/sd1775409761_2.wav,tore boudo jorure
144451_erotildes_tu.webm,bororo/Taradrimana/2026-01-26/144451_erotildes_tu.webm,data/converted_audio/bororo/sd1775409762_1.wav,tu
144451_erotildes_tu.webm,bororo/Taradrimana/2026-01-26/144451_erotildes_tu.webm,data/converted_audio/bororo/sd1775409762_2.wav,tu
142327_erotildes_pipi.webm,bororo/Taradrimana/2026-01-26/142327_erotildes_pipi.webm,data/converted_audio/bororo/sd1775409763_1.wav,pipi
142327_erotildes_pipi.webm,bororo/Taradrimana/2026-01-26/142327_erotildes_pipi.webm,data/converted_audio/bororo/sd1775409763_2.wav,pipi
135530_erotildes_joku.webm,bororo/Taradrimana/2026-01-26/135530_erotildes_joku.webm,data/converted_audio/bororo/sd1775409764_1.wav,joku
135530_erotildes_joku.webm,bororo/Taradrimana/2026-01-26/135530_erotildes_joku.webm,data/converted_audio/bororo/sd1775409764_2.wav,joku
131536_Elizete_biajabokwa.webm,bororo/Taradrimana/2026-01-26/131536_Elizete_biajabokwa.webm,data/converted_audio/bororo/sd1775409765_1.wav,biajabokwa
131536_Elizete_biajabokwa.webm,bororo/Taradrimana/2026-01-26/131536_Elizete_biajabokwa.webm,data/converted_audio/bororo/sd1775409765_2.wav,biajabokwa
144309_erotildes_riboa.webm,bororo/Taradrimana/2026-01-26/144309_erotildes_riboa.webm,data/converted_audio/bororo/sd1775409766_1.wav,riboa
144309_erotildes_riboa.webm,bororo/Taradrimana/2026-01-26/144309_erotildes_riboa.webm,data/converted_audio/bororo/sd1775409766_2.wav,riboa
130022_Elizete_tobarowav.webm,bororo/Taradrimana/2026-01-26/130022_Elizete_tobarowav.webm,data/converted_audio/bororo/sd1775409767_1.wav,tobarowav
130022_Elizete_tobarowav.webm,bororo/Taradrimana/2026-01-26/130022_Elizete_tobarowav.webm,data/converted_audio/bororo/sd1775409767_2.wav,tobarowav
135414_erotildes_jekiripagado.webm,bororo/Taradrimana/2026-01-26/135414_erotildes_jekiripagado.webm,data/converted_audio/bororo/sd1775409768_1.wav,jekiripagado
135414_erotildes_jekiripagado.webm,bororo/Taradrimana/2026-01-26/135414_erotildes_jekiripagado.webm,data/converted_audio/bororo/sd1775409768_2.wav,jekiripagado
161502_jussila_toreBoudoKowu.webm,bororo/Taradrimana/2026-01-26/161502_jussila_toreBoudoKowu.webm,data/converted_audio/bororo/sd1775409769_1.wav,tore boudo kowu
161502_jussila_toreBoudoKowu.webm,bororo/Taradrimana/2026-01-26/161502_jussila_toreBoudoKowu.webm,data/converted_audio/bororo/sd1775409769_2.wav,tore boudo kowu
130817_Elizete_ba.webm,bororo/Taradrimana/2026-01-26/130817_Elizete_ba.webm,data/converted_audio/bororo/sd1775409770_1.wav,ba
130817_Elizete_ba.webm,bororo/Taradrimana/2026-01-26/130817_Elizete_ba.webm,data/converted_audio/bororo/sd1775409770_2.wav,ba
155957_jussila_toreBoudoTapiraImedu.webm,bororo/Taradrimana/2026-01-26/155957_jussila_toreBoudoTapiraImedu.webm,data/converted_audio/bororo/sd1775409771_1.wav,tore boudo tapira imedu
155957_jussila_toreBoudoTapiraImedu.webm,bororo/Taradrimana/2026-01-26/155957_jussila_toreBoudoTapiraImedu.webm,data/converted_audio/bororo/sd1775409771_2.wav,tore boudo tapira imedu
142917_erotildes_parudo.webm,bororo/Taradrimana/2026-01-26/142917_erotildes_parudo.webm,data/converted_audio/bororo/sd1775409772_1.wav,parudo
142917_erotildes_parudo.webm,bororo/Taradrimana/2026-01-26/142917_erotildes_parudo.webm,data/converted_audio/bororo/sd1775409772_2.wav,parudo
141704_erotildes_kumara.webm,bororo/Taradrimana/2026-01-26/141704_erotildes_kumara.webm,data/converted_audio/bororo/sd1775409773_1.wav,kumara
141704_erotildes_kumara.webm,bororo/Taradrimana/2026-01-26/141704_erotildes_kumara.webm,data/converted_audio/bororo/sd1775409773_2.wav,kumara
142224_erotildes_mi.webm,bororo/Taradrimana/2026-01-26/142224_erotildes_mi.webm,data/converted_audio/bororo/sd1775409774_1.wav,mi
142224_erotildes_mi.webm,bororo/Taradrimana/2026-01-26/142224_erotildes_mi.webm,data/converted_audio/bororo/sd1775409774_2.wav,mi
152405_jussila_toreBoudoBakuru.webm,bororo/Taradrimana/2026-01-26/152405_jussila_toreBoudoBakuru.webm,data/converted_audio/bororo/sd1775409775_1.wav,tore boudo bakuru
152405_jussila_toreBoudoBakuru.webm,bororo/Taradrimana/2026-01-26/152405_jussila_toreBoudoBakuru.webm,data/converted_audio/bororo/sd1775409775_2.wav,tore boudo bakuru
132752_Elizete_burerupe.webm,bororo/Taradrimana/2026-01-26/132752_Elizete_burerupe.webm,data/converted_audio/bororo/sd1775409776_1.wav,burerupe
132752_Elizete_burerupe.webm,bororo/Taradrimana/2026-01-26/132752_Elizete_burerupe.webm,data/converted_audio/bororo/sd1775409776_2.wav,burerupe
143929_erotildes_reru.webm,bororo/Taradrimana/2026-01-26/143929_erotildes_reru.webm,data/converted_audio/bororo/sd1775409777_1.wav,reru
143929_erotildes_reru.webm,bororo/Taradrimana/2026-01-26/143929_erotildes_reru.webm,data/converted_audio/bororo/sd1775409777_2.wav,reru
141601_erotildes_kudae.webm,bororo/Taradrimana/2026-01-26/141601_erotildes_kudae.webm,data/converted_audio/bororo/sd1775409778_1.wav,kudae
141601_erotildes_kudae.webm,bororo/Taradrimana/2026-01-26/141601_erotildes_kudae.webm,data/converted_audio/bororo/sd1775409778_2.wav,kudae
125558_Elizete_bigodu.webm,bororo/Taradrimana/2026-01-26/125558_Elizete_bigodu.webm,data/converted_audio/bororo/sd1775409779_1.wav,bigodu
125558_Elizete_bigodu.webm,bororo/Taradrimana/2026-01-26/125558_Elizete_bigodu.webm,data/converted_audio/bororo/sd1775409779_2.wav,bigodu
161924_jussila_toreBoudoPowari.webm,bororo/Taradrimana/2026-01-26/161924_jussila_toreBoudoPowari.webm,data/converted_audio/bororo/sd1775409780_1.wav,tore boudo powari
161924_jussila_toreBoudoPowari.webm,bororo/Taradrimana/2026-01-26/161924_jussila_toreBoudoPowari.webm,data/converted_audio/bororo/sd1775409780_2.wav,tore boudo powari
131138_Elizete_bapera.webm,bororo/Taradrimana/2026-01-26/131138_Elizete_bapera.webm,data/converted_audio/bororo/sd1775409781_1.wav,bapera
131138_Elizete_bapera.webm,bororo/Taradrimana/2026-01-26/131138_Elizete_bapera.webm,data/converted_audio/bororo/sd1775409781_2.wav,bapera
125631_Elizete_buregi.webm,bororo/Taradrimana/2026-01-26/125631_Elizete_buregi.webm,data/converted_audio/bororo/sd1775409782_1.wav,buregi
125631_Elizete_buregi.webm,bororo/Taradrimana/2026-01-26/125631_Elizete_buregi.webm,data/converted_audio/bororo/sd1775409782_2.wav,buregi
152819_jussila_toreBoudoInogwamuJi.webm,bororo/Taradrimana/2026-01-26/152819_jussila_toreBoudoInogwamuJi.webm,data/converted_audio/bororo/sd1775409783_1.wav,tore boudo inogwamu ji
152819_jussila_toreBoudoInogwamuJi.webm,bororo/Taradrimana/2026-01-26/152819_jussila_toreBoudoInogwamuJi.webm,data/converted_audio/bororo/sd1775409783_2.wav,tore boudo inogwamu ji
143156_erotildes_pegajejewu.webm,bororo/Taradrimana/2026-01-26/143156_erotildes_pegajejewu.webm,data/converted_audio/bororo/sd1775409784_1.wav,pegajejewu
143156_erotildes_pegajejewu.webm,bororo/Taradrimana/2026-01-26/143156_erotildes_pegajejewu.webm,data/converted_audio/bororo/sd1775409784_2.wav,pegajejewu
152222_jussila_toreBoudoJokuBokwa.webm,bororo/Taradrimana/2026-01-26/152222_jussila_toreBoudoJokuBokwa.webm,data/converted_audio/bororo/sd1775409785_1.wav,tore boudo joku bokwa
152222_jussila_toreBoudoJokuBokwa.webm,bororo/Taradrimana/2026-01-26/152222_jussila_toreBoudoJokuBokwa.webm,data/converted_audio/bororo/sd1775409785_2.wav,tore boudo joku bokwa
151001_jussila_toreBoudoPejo.webm,bororo/Taradrimana/2026-01-26/151001_jussila_toreBoudoPejo.webm,data/converted_audio/bororo/sd1775409786_1.wav,tore boudo pejo
151001_jussila_toreBoudoPejo.webm,bororo/Taradrimana/2026-01-26/151001_jussila_toreBoudoPejo.webm,data/converted_audio/bororo/sd1775409786_2.wav,tore boudo pejo
130557_Elizete_ako.webm,bororo/Taradrimana/2026-01-26/130557_Elizete_ako.webm,data/converted_audio/bororo/sd1775409787_1.wav,ako
130557_Elizete_ako.webm,bororo/Taradrimana/2026-01-26/130557_Elizete_ako.webm,data/converted_audio/bororo/sd1775409787_2.wav,ako
143853_erotildes_reore.webm,bororo/Taradrimana/2026-01-26/143853_erotildes_reore.webm,data/converted_audio/bororo/sd1775409788_1.wav,reore
143853_erotildes_reore.webm,bororo/Taradrimana/2026-01-26/143853_erotildes_reore.webm,data/converted_audio/bororo/sd1775409788_2.wav,reore
142045_erotildes_meriri.webm,bororo/Taradrimana/2026-01-26/142045_erotildes_meriri.webm,data/converted_audio/bororo/sd1775409789_1.wav,meriri
142045_erotildes_meriri.webm,bororo/Taradrimana/2026-01-26/142045_erotildes_meriri.webm,data/converted_audio/bororo/sd1775409789_2.wav,meriri
140822_erotildes_kaworo.webm,bororo/Taradrimana/2026-01-26/140822_erotildes_kaworo.webm,data/converted_audio/bororo/sd1775409790_1.wav,kaworo
140822_erotildes_kaworo.webm,bororo/Taradrimana/2026-01-26/140822_erotildes_kaworo.webm,data/converted_audio/bororo/sd1775409790_2.wav,kaworo
130447_Erotildes_aidu.webm,bororo/Taradrimana/2026-01-26/130447_Erotildes_aidu.webm,data/converted_audio/bororo/sd1775409791_1.wav,aidu
130447_Erotildes_aidu.webm,bororo/Taradrimana/2026-01-26/130447_Erotildes_aidu.webm,data/converted_audio/bororo/sd1775409791_2.wav,aidu
151553_jussila_toreBoudoBoeOiadadao.webm,bororo/Taradrimana/2026-01-26/151553_jussila_toreBoudoBoeOiadadao.webm,data/converted_audio/bororo/sd1775409792_1.wav,tore boudo boe oiadadao
151553_jussila_toreBoudoBoeOiadadao.webm,bororo/Taradrimana/2026-01-26/151553_jussila_toreBoudoBoeOiadadao.webm,data/converted_audio/bororo/sd1775409792_2.wav,tore boudo boe oiadadao
135203_erotildes_iwu.webm,bororo/Taradrimana/2026-01-26/135203_erotildes_iwu.webm,data/converted_audio/bororo/sd1775409793_1.wav,iwu
135203_erotildes_iwu.webm,bororo/Taradrimana/2026-01-26/135203_erotildes_iwu.webm,data/converted_audio/bororo/sd1775409793_2.wav,iwu
134218_erotildes_imi.webm,bororo/Taradrimana/2026-01-26/134218_erotildes_imi.webm,data/converted_audio/bororo/sd1775409794_1.wav,imi
134218_erotildes_imi.webm,bororo/Taradrimana/2026-01-26/134218_erotildes_imi.webm,data/converted_audio/bororo/sd1775409794_2.wav,imi
125857_Elizete_jorugudu.webm,bororo/Taradrimana/2026-01-26/125857_Elizete_jorugudu.webm,data/converted_audio/bororo/sd1775409795_1.wav,jorugudu
125857_Elizete_jorugudu.webm,bororo/Taradrimana/2026-01-26/125857_Elizete_jorugudu.webm,data/converted_audio/bororo/sd1775409795_2.wav,jorugudu
133643_Elizete_ieraParuKajejewu.webm,bororo/Taradrimana/2026-01-26/133643_Elizete_ieraParuKajejewu.webm,data/converted_audio/bororo/sd1775409796_1.wav,iera paru kajejewu
133643_Elizete_ieraParuKajejewu.webm,bororo/Taradrimana/2026-01-26/133643_Elizete_ieraParuKajejewu.webm,data/converted_audio/bororo/sd1775409796_2.wav,iera paru kajejewu
130106_Elizete_koia.webm,bororo/Taradrimana/2026-01-26/130106_Elizete_koia.webm,data/converted_audio/bororo/sd1775409797_1.wav,koia
130106_Elizete_koia.webm,bororo/Taradrimana/2026-01-26/130106_Elizete_koia.webm,data/converted_audio/bororo/sd1775409797_2.wav,koia
133805_Elizete_ikeragu.webm,bororo/Taradrimana/2026-01-26/133805_Elizete_ikeragu.webm,data/converted_audio/bororo/sd1775409798_1.wav,ikeragu
133805_Elizete_ikeragu.webm,bororo/Taradrimana/2026-01-26/133805_Elizete_ikeragu.webm,data/converted_audio/bororo/sd1775409798_2.wav,ikeragu
155125_jussila_toreBoudoRekoMato.webm,bororo/Taradrimana/2026-01-26/155125_jussila_toreBoudoRekoMato.webm,data/converted_audio/bororo/sd1775409799_1.wav,tore boudo reko mato
155125_jussila_toreBoudoRekoMato.webm,bororo/Taradrimana/2026-01-26/155125_jussila_toreBoudoRekoMato.webm,data/converted_audio/bororo/sd1775409799_2.wav,tore boudo reko mato
132932_Elizete_ema.webm,bororo/Taradrimana/2026-01-26/132932_Elizete_ema.webm,data/converted_audio/bororo/sd1775409800_1.wav,ema
132932_Elizete_ema.webm,bororo/Taradrimana/2026-01-26/132932_Elizete_ema.webm,data/converted_audio/bororo/sd1775409800_2.wav,ema
130756_Elizete_aru.webm,bororo/Taradrimana/2026-01-26/130756_Elizete_aru.webm,data/converted_audio/bororo/sd1775409801_1.wav,aru
130756_Elizete_aru.webm,bororo/Taradrimana/2026-01-26/130756_Elizete_aru.webm,data/converted_audio/bororo/sd1775409801_2.wav,aru
144213_erotildes_tori.webm,bororo/Taradrimana/2026-01-26/144213_erotildes_tori.webm,data/converted_audio/bororo/sd1775409802_1.wav,tori
144213_erotildes_tori.webm,bororo/Taradrimana/2026-01-26/144213_erotildes_tori.webm,data/converted_audio/bororo/sd1775409802_2.wav,tori
125532_Elizete_kagariga.webm,bororo/Taradrimana/2026-01-26/125532_Elizete_kagariga.webm,data/converted_audio/bororo/sd1775409803_1.wav,kagariga
125532_Elizete_kagariga.webm,bororo/Taradrimana/2026-01-26/125532_Elizete_kagariga.webm,data/converted_audio/bororo/sd1775409803_2.wav,kagariga
145641_erotildes_rekodaji.webm,bororo/Taradrimana/2026-01-26/145641_erotildes_rekodaji.webm,data/converted_audio/bororo/sd1775409804_1.wav,rekodaji
145641_erotildes_rekodaji.webm,bororo/Taradrimana/2026-01-26/145641_erotildes_rekodaji.webm,data/converted_audio/bororo/sd1775409804_2.wav,rekodaji
154058_jussila_toreBoudoBeregodu.webm,bororo/Taradrimana/2026-01-26/154058_jussila_toreBoudoBeregodu.webm,data/converted_audio/bororo/sd1775409805_1.wav,tore boudo beregodu
154058_jussila_toreBoudoBeregodu.webm,bororo/Taradrimana/2026-01-26/154058_jussila_toreBoudoBeregodu.webm,data/converted_audio/bororo/sd1775409805_2.wav,tore boudo beregodu
162140_jussila_toreBoudoToriKodu.webm,bororo/Taradrimana/2026-01-26/162140_jussila_toreBoudoToriKodu.webm,data/converted_audio/bororo/sd1775409806_1.wav,tore boudo tori kodu
162140_jussila_toreBoudoToriKodu.webm,bororo/Taradrimana/2026-01-26/162140_jussila_toreBoudoToriKodu.webm,data/converted_audio/bororo/sd1775409806_2.wav,tore boudo tori kodu
141239_erotildes_boeke.webm,bororo/Taradrimana/2026-01-26/141239_erotildes_boeke.webm,data/converted_audio/bororo/sd1775409807_1.wav,boeke
141239_erotildes_boeke.webm,bororo/Taradrimana/2026-01-26/141239_erotildes_boeke.webm,data/converted_audio/bororo/sd1775409807_2.wav,boeke
152954_jussila_toreBoudoMeriBoka.webm,bororo/Taradrimana/2026-01-26/152954_jussila_toreBoudoMeriBoka.webm,data/converted_audio/bororo/sd1775409808_1.wav,tore boudo meri boka
152954_jussila_toreBoudoMeriBoka.webm,bororo/Taradrimana/2026-01-26/152954_jussila_toreBoudoMeriBoka.webm,data/converted_audio/bororo/sd1775409808_2.wav,tore boudo meri boka
135632_erotildes_jorubo.webm,bororo/Taradrimana/2026-01-26/135632_erotildes_jorubo.webm,data/converted_audio/bororo/sd1775409809_1.wav,jorubo
135632_erotildes_jorubo.webm,bororo/Taradrimana/2026-01-26/135632_erotildes_jorubo.webm,data/converted_audio/bororo/sd1775409809_2.wav,jorubo
143354_erotildes_ra.webm,bororo/Taradrimana/2026-01-26/143354_erotildes_ra.webm,data/converted_audio/bororo/sd1775409810_1.wav,ra
143354_erotildes_ra.webm,bororo/Taradrimana/2026-01-26/143354_erotildes_ra.webm,data/converted_audio/bororo/sd1775409810_2.wav,ra
125654_Elizete_aregodu.webm,bororo/Taradrimana/2026-01-26/125654_Elizete_aregodu.webm,data/converted_audio/bororo/sd1775409811_1.wav,aregodu
125654_Elizete_aregodu.webm,bororo/Taradrimana/2026-01-26/125654_Elizete_aregodu.webm,data/converted_audio/bororo/sd1775409811_2.wav,aregodu
134338_erotildes_ibora.webm,bororo/Taradrimana/2026-01-26/134338_erotildes_ibora.webm,data/converted_audio/bororo/sd1775409812_1.wav,ibora
134338_erotildes_ibora.webm,bororo/Taradrimana/2026-01-26/134338_erotildes_ibora.webm,data/converted_audio/bororo/sd1775409812_2.wav,ibora
130227_Elizete_otodai.webm,bororo/Taradrimana/2026-01-26/130227_Elizete_otodai.webm,data/converted_audio/bororo/sd1775409813_1.wav,otodai
130227_Elizete_otodai.webm,bororo/Taradrimana/2026-01-26/130227_Elizete_otodai.webm,data/converted_audio/bororo/sd1775409813_2.wav,otodai
130306_Elizete_aerega.webm,bororo/Taradrimana/2026-01-26/130306_Elizete_aerega.webm,data/converted_audio/bororo/sd1775409814_1.wav,aerega
130306_Elizete_aerega.webm,bororo/Taradrimana/2026-01-26/130306_Elizete_aerega.webm,data/converted_audio/bororo/sd1775409814_2.wav,aerega
150346_jussila_toreBoudoInoroeJa.webm,bororo/Taradrimana/2026-01-26/150346_jussila_toreBoudoInoroeJa.webm,data/converted_audio/bororo/sd1775409815_1.wav,tore boudo inoroe ja
150346_jussila_toreBoudoInoroeJa.webm,bororo/Taradrimana/2026-01-26/150346_jussila_toreBoudoInoroeJa.webm,data/converted_audio/bororo/sd1775409815_2.wav,tore boudo inoroe ja
154415_jussila_toreBoudoItura.webm,bororo/Taradrimana/2026-01-26/154415_jussila_toreBoudoItura.webm,data/converted_audio/bororo/sd1775409816_1.wav,tore boudo itura
154415_jussila_toreBoudoItura.webm,bororo/Taradrimana/2026-01-26/154415_jussila_toreBoudoItura.webm,data/converted_audio/bororo/sd1775409816_2.wav,tore boudo itura
112414_valdemar_kogudo.webm,bororo/Taradrimana/2026-01-28/112414_valdemar_kogudo.webm,data/converted_audio/bororo/sd1775409817_1.wav,kogudo
112414_valdemar_kogudo.webm,bororo/Taradrimana/2026-01-28/112414_valdemar_kogudo.webm,data/converted_audio/bororo/sd1775409817_2.wav,kogudo
112320_valdemar_okwabi.webm,bororo/Taradrimana/2026-01-28/112320_valdemar_okwabi.webm,data/converted_audio/bororo/sd1775409818_1.wav,okwabi
112320_valdemar_okwabi.webm,bororo/Taradrimana/2026-01-28/112320_valdemar_okwabi.webm,data/converted_audio/bororo/sd1775409818_2.wav,okwabi
101523_elizete_bokokuwa.webm,bororo/Taradrimana/2026-01-28/101523_elizete_bokokuwa.webm,data/converted_audio/bororo/sd1775409819_1.wav,bokokuwa
101523_elizete_bokokuwa.webm,bororo/Taradrimana/2026-01-28/101523_elizete_bokokuwa.webm,data/converted_audio/bororo/sd1775409819_2.wav,bokokuwa
112914_valdemar_piji.webm,bororo/Taradrimana/2026-01-28/112914_valdemar_piji.webm,data/converted_audio/bororo/sd1775409820_1.wav,piji
112914_valdemar_piji.webm,bororo/Taradrimana/2026-01-28/112914_valdemar_piji.webm,data/converted_audio/bororo/sd1775409820_2.wav,piji
115059_gleide_jewodu.webm,bororo/Taradrimana/2026-01-28/115059_gleide_jewodu.webm,data/converted_audio/bororo/sd1775409821_1.wav,jewodu
115059_gleide_jewodu.webm,bororo/Taradrimana/2026-01-28/115059_gleide_jewodu.webm,data/converted_audio/bororo/sd1775409821_2.wav,jewodu
103347_valdemar_joruduPegare.webm,bororo/Taradrimana/2026-01-28/103347_valdemar_joruduPegare.webm,data/converted_audio/bororo/sd1775409822_1.wav,jorudu pegare
103347_valdemar_joruduPegare.webm,bororo/Taradrimana/2026-01-28/103347_valdemar_joruduPegare.webm,data/converted_audio/bororo/sd1775409822_2.wav,jorudu pegare
111316_valdemar_biado.webm,bororo/Taradrimana/2026-01-28/111316_valdemar_biado.webm,data/converted_audio/bororo/sd1775409823_1.wav,biado
111316_valdemar_biado.webm,bororo/Taradrimana/2026-01-28/111316_valdemar_biado.webm,data/converted_audio/bororo/sd1775409823_2.wav,biado
095849_elizete_toriKuieje.webm,bororo/Taradrimana/2026-01-28/095849_elizete_toriKuieje.webm,data/converted_audio/bororo/sd1775409824_1.wav,tori kuieje
095849_elizete_toriKuieje.webm,bororo/Taradrimana/2026-01-28/095849_elizete_toriKuieje.webm,data/converted_audio/bororo/sd1775409824_2.wav,tori kuieje
112631_valdemar_kurugwa.webm,bororo/Taradrimana/2026-01-28/112631_valdemar_kurugwa.webm,data/converted_audio/bororo/sd1775409825_1.wav,kurugwa
112631_valdemar_kurugwa.webm,bororo/Taradrimana/2026-01-28/112631_valdemar_kurugwa.webm,data/converted_audio/bororo/sd1775409825_2.wav,kurugwa
094902_elizete_nogwaredu.webm,bororo/Taradrimana/2026-01-28/094902_elizete_nogwaredu.webm,data/converted_audio/bororo/sd1775409826_1.wav,nogwaredu
094902_elizete_nogwaredu.webm,bororo/Taradrimana/2026-01-28/094902_elizete_nogwaredu.webm,data/converted_audio/bororo/sd1775409826_2.wav,nogwaredu
103411_valdemar_tarigaKurireu.webm,bororo/Taradrimana/2026-01-28/103411_valdemar_tarigaKurireu.webm,data/converted_audio/bororo/sd1775409827_1.wav,tariga kurireu
103411_valdemar_tarigaKurireu.webm,bororo/Taradrimana/2026-01-28/103411_valdemar_tarigaKurireu.webm,data/converted_audio/bororo/sd1775409827_2.wav,tariga kurireu
112028_valdemar_ako.webm,bororo/Taradrimana/2026-01-28/112028_valdemar_ako.webm,data/converted_audio/bororo/sd1775409828_1.wav,ako
112028_valdemar_ako.webm,bororo/Taradrimana/2026-01-28/112028_valdemar_ako.webm,data/converted_audio/bororo/sd1775409828_2.wav,ako
111629_valdemar_kuriJe.webm,bororo/Taradrimana/2026-01-28/111629_valdemar_kuriJe.webm,data/converted_audio/bororo/sd1775409829_1.wav,kuri je
111629_valdemar_kuriJe.webm,bororo/Taradrimana/2026-01-28/111629_valdemar_kuriJe.webm,data/converted_audio/bororo/sd1775409829_2.wav,kuri je
111657_valdemar_boreuge.webm,bororo/Taradrimana/2026-01-28/111657_valdemar_boreuge.webm,data/converted_audio/bororo/sd1775409830_1.wav,boreuge
111657_valdemar_boreuge.webm,bororo/Taradrimana/2026-01-28/111657_valdemar_boreuge.webm,data/converted_audio/bororo/sd1775409830_2.wav,boreuge
103600_valdemar_aredo.webm,bororo/Taradrimana/2026-01-28/103600_valdemar_aredo.webm,data/converted_audio/bororo/sd1775409831_1.wav,aredo
103600_valdemar_aredo.webm,bororo/Taradrimana/2026-01-28/103600_valdemar_aredo.webm,data/converted_audio/bororo/sd1775409831_2.wav,aredo
111601_valdemar_ma.webm,bororo/Taradrimana/2026-01-28/111601_valdemar_ma.webm,data/converted_audio/bororo/sd1775409832_1.wav,ma
111601_valdemar_ma.webm,bororo/Taradrimana/2026-01-28/111601_valdemar_ma.webm,data/converted_audio/bororo/sd1775409832_2.wav,ma
145132_valdemar_jeTadau.webm,bororo/Taradrimana/2026-01-28/145132_valdemar_jeTadau.webm,data/converted_audio/bororo/sd1775409833_1.wav,je tadau
145132_valdemar_jeTadau.webm,bororo/Taradrimana/2026-01-28/145132_valdemar_jeTadau.webm,data/converted_audio/bororo/sd1775409833_2.wav,je tadau
101724_elizete_jorugudu.webm,bororo/Taradrimana/2026-01-28/101724_elizete_jorugudu.webm,data/converted_audio/bororo/sd1775409834_1.wav,jorugudu
101724_elizete_jorugudu.webm,bororo/Taradrimana/2026-01-28/101724_elizete_jorugudu.webm,data/converted_audio/bororo/sd1775409834_2.wav,jorugudu
145424_valdemar_remagu.webm,bororo/Taradrimana/2026-01-28/145424_valdemar_remagu.webm,data/converted_audio/bororo/sd1775409835_1.wav,remagu
145424_valdemar_remagu.webm,bororo/Taradrimana/2026-01-28/145424_valdemar_remagu.webm,data/converted_audio/bororo/sd1775409835_2.wav,remagu
111411_valdemar_bai.webm,bororo/Taradrimana/2026-01-28/111411_valdemar_bai.webm,data/converted_audio/bororo/sd1775409836_1.wav,bai
111411_valdemar_bai.webm,bororo/Taradrimana/2026-01-28/111411_valdemar_bai.webm,data/converted_audio/bororo/sd1775409836_2.wav,bai
095602_elizete_awagu.webm,bororo/Taradrimana/2026-01-28/095602_elizete_awagu.webm,data/converted_audio/bororo/sd1775409837_1.wav,awagu
095602_elizete_awagu.webm,bororo/Taradrimana/2026-01-28/095602_elizete_awagu.webm,data/converted_audio/bororo/sd1775409837_2.wav,awagu
145449_valdemar_jorbokuru.webm,bororo/Taradrimana/2026-01-28/145449_valdemar_jorbokuru.webm,data/converted_audio/bororo/sd1775409838_1.wav,jorbokuru
145449_valdemar_jorbokuru.webm,bororo/Taradrimana/2026-01-28/145449_valdemar_jorbokuru.webm,data/converted_audio/bororo/sd1775409838_2.wav,jorbokuru
111500_valdemar_nubaUre.webm,bororo/Taradrimana/2026-01-28/111500_valdemar_nubaUre.webm,data/converted_audio/bororo/sd1775409839_1.wav,nuba ure
111500_valdemar_nubaUre.webm,bororo/Taradrimana/2026-01-28/111500_valdemar_nubaUre.webm,data/converted_audio/bororo/sd1775409839_2.wav,nuba ure
115722_gleide_kodo.webm,bororo/Taradrimana/2026-01-28/115722_gleide_kodo.webm,data/converted_audio/bororo/sd1775409840_1.wav,kodo
115722_gleide_kodo.webm,bororo/Taradrimana/2026-01-28/115722_gleide_kodo.webm,data/converted_audio/bororo/sd1775409840_2.wav,kodo
114902_gleide_jeTadau.webm,bororo/Taradrimana/2026-01-28/114902_gleide_jeTadau.webm,data/converted_audio/bororo/sd1775409841_1.wav,je tadau
114902_gleide_jeTadau.webm,bororo/Taradrimana/2026-01-28/114902_gleide_jeTadau.webm,data/converted_audio/bororo/sd1775409841_2.wav,je tadau
103314_valdemar_raka.webm,bororo/Taradrimana/2026-01-28/103314_valdemar_raka.webm,data/converted_audio/bororo/sd1775409842_1.wav,raka
103314_valdemar_raka.webm,bororo/Taradrimana/2026-01-28/103314_valdemar_raka.webm,data/converted_audio/bororo/sd1775409842_2.wav,raka
145233_valdemar_tamudo.webm,bororo/Taradrimana/2026-01-28/145233_valdemar_tamudo.webm,data/converted_audio/bororo/sd1775409843_1.wav,tamudo
145233_valdemar_tamudo.webm,bororo/Taradrimana/2026-01-28/145233_valdemar_tamudo.webm,data/converted_audio/bororo/sd1775409843_2.wav,tamudo
101941_elizete_baigaKobore.webm,bororo/Taradrimana/2026-01-28/101941_elizete_baigaKobore.webm,data/converted_audio/bororo/sd1775409844_1.wav,baiga kobore
101941_elizete_baigaKobore.webm,bororo/Taradrimana/2026-01-28/101941_elizete_baigaKobore.webm,data/converted_audio/bororo/sd1775409844_2.wav,baiga kobore
112248_valdemar_eimejeraKurireu.webm,bororo/Taradrimana/2026-01-28/112248_valdemar_eimejeraKurireu.webm,data/converted_audio/bororo/sd1775409845_1.wav,eimejera kurireu
112248_valdemar_eimejeraKurireu.webm,bororo/Taradrimana/2026-01-28/112248_valdemar_eimejeraKurireu.webm,data/converted_audio/bororo/sd1775409845_2.wav,eimejera kurireu
145109_valdemar_aigo.webm,bororo/Taradrimana/2026-01-28/145109_valdemar_aigo.webm,data/converted_audio/bororo/sd1775409846_1.wav,aigo
145109_valdemar_aigo.webm,bororo/Taradrimana/2026-01-28/145109_valdemar_aigo.webm,data/converted_audio/bororo/sd1775409846_2.wav,aigo
101851_elizete_awarare.webm,bororo/Taradrimana/2026-01-28/101851_elizete_awarare.webm,data/converted_audio/bororo/sd1775409847_1.wav,awarare
101851_elizete_awarare.webm,bororo/Taradrimana/2026-01-28/101851_elizete_awarare.webm,data/converted_audio/bororo/sd1775409847_2.wav,awarare
111212_valdemar_mearudu.webm,bororo/Taradrimana/2026-01-28/111212_valdemar_mearudu.webm,data/converted_audio/bororo/sd1775409848_1.wav,mearudu
111212_valdemar_mearudu.webm,bororo/Taradrimana/2026-01-28/111212_valdemar_mearudu.webm,data/converted_audio/bororo/sd1775409848_2.wav,mearudu
101559_elizete_kaworu.webm,bororo/Taradrimana/2026-01-28/101559_elizete_kaworu.webm,data/converted_audio/bororo/sd1775409849_1.wav,kaworu
101559_elizete_kaworu.webm,bororo/Taradrimana/2026-01-28/101559_elizete_kaworu.webm,data/converted_audio/bororo/sd1775409849_2.wav,kaworu
094623_elizete_keragu.webm,bororo/Taradrimana/2026-01-28/094623_elizete_keragu.webm,data/converted_audio/bororo/sd1775409850_1.wav,keragu
094623_elizete_keragu.webm,bororo/Taradrimana/2026-01-28/094623_elizete_keragu.webm,data/converted_audio/bororo/sd1775409850_2.wav,keragu
112600_valdemar_bureJoiwa.webm,bororo/Taradrimana/2026-01-28/112600_valdemar_bureJoiwa.webm,data/converted_audio/bororo/sd1775409851_1.wav,bure joiwa
112600_valdemar_bureJoiwa.webm,bororo/Taradrimana/2026-01-28/112600_valdemar_bureJoiwa.webm,data/converted_audio/bororo/sd1775409851_2.wav,bure joiwa
115252_gleide_urugu.webm,bororo/Taradrimana/2026-01-28/115252_gleide_urugu.webm,data/converted_audio/bororo/sd1775409852_1.wav,urugu
115252_gleide_urugu.webm,bororo/Taradrimana/2026-01-28/115252_gleide_urugu.webm,data/converted_audio/bororo/sd1775409852_2.wav,urugu
111230_valdemar_baru.webm,bororo/Taradrimana/2026-01-28/111230_valdemar_baru.webm,data/converted_audio/bororo/sd1775409853_1.wav,baru
111230_valdemar_baru.webm,bororo/Taradrimana/2026-01-28/111230_valdemar_baru.webm,data/converted_audio/bororo/sd1775409853_2.wav,baru
101414_elizete_boiako.webm,bororo/Taradrimana/2026-01-28/101414_elizete_boiako.webm,data/converted_audio/bororo/sd1775409854_1.wav,boiako
101414_elizete_boiako.webm,bororo/Taradrimana/2026-01-28/101414_elizete_boiako.webm,data/converted_audio/bororo/sd1775409854_2.wav,boiako
145516_valdemar_jorudure.webm,bororo/Taradrimana/2026-01-28/145516_valdemar_jorudure.webm,data/converted_audio/bororo/sd1775409855_1.wav,jorudure
145516_valdemar_jorudure.webm,bororo/Taradrimana/2026-01-28/145516_valdemar_jorudure.webm,data/converted_audio/bororo/sd1775409855_2.wav,jorudure
095502_elizete_rawuje.webm,bororo/Taradrimana/2026-01-28/095502_elizete_rawuje.webm,data/converted_audio/bororo/sd1775409856_1.wav,rawuje
095502_elizete_rawuje.webm,bororo/Taradrimana/2026-01-28/095502_elizete_rawuje.webm,data/converted_audio/bororo/sd1775409856_2.wav,rawuje
111436_valdemar_apareu.webm,bororo/Taradrimana/2026-01-28/111436_valdemar_apareu.webm,data/converted_audio/bororo/sd1775409857_1.wav,apareu
111436_valdemar_apareu.webm,bororo/Taradrimana/2026-01-28/111436_valdemar_apareu.webm,data/converted_audio/bororo/sd1775409857_2.wav,apareu
115026_gleide_tamudo.webm,bororo/Taradrimana/2026-01-28/115026_gleide_tamudo.webm,data/converted_audio/bororo/sd1775409858_1.wav,tamudo
115026_gleide_tamudo.webm,bororo/Taradrimana/2026-01-28/115026_gleide_tamudo.webm,data/converted_audio/bororo/sd1775409858_2.wav,tamudo
111113_valdemar_tarigaKurireu.webm,bororo/Taradrimana/2026-01-28/111113_valdemar_tarigaKurireu.webm,data/converted_audio/bororo/sd1775409859_1.wav,tariga kurireu
111113_valdemar_tarigaKurireu.webm,bororo/Taradrimana/2026-01-28/111113_valdemar_tarigaKurireu.webm,data/converted_audio/bororo/sd1775409859_2.wav,tariga kurireu
095936_elizete_pemega.webm,bororo/Taradrimana/2026-01-28/095936_elizete_pemega.webm,data/converted_audio/bororo/sd1775409860_1.wav,pemega
095936_elizete_pemega.webm,bororo/Taradrimana/2026-01-28/095936_elizete_pemega.webm,data/converted_audio/bororo/sd1775409860_2.wav,pemega
112348_valdemar_tariga.webm,bororo/Taradrimana/2026-01-28/112348_valdemar_tariga.webm,data/converted_audio/bororo/sd1775409861_1.wav,tariga
112348_valdemar_tariga.webm,bororo/Taradrimana/2026-01-28/112348_valdemar_tariga.webm,data/converted_audio/bororo/sd1775409861_2.wav,tariga
115315_gleide_rugu.webm,bororo/Taradrimana/2026-01-28/115315_gleide_rugu.webm,data/converted_audio/bororo/sd1775409862_1.wav,rugu
115315_gleide_rugu.webm,bororo/Taradrimana/2026-01-28/115315_gleide_rugu.webm,data/converted_audio/bororo/sd1775409862_2.wav,rugu
112207_valdemar_toriwudu.webm,bororo/Taradrimana/2026-01-28/112207_valdemar_toriwudu.webm,data/converted_audio/bororo/sd1775409863_1.wav,toriwudu
112207_valdemar_toriwudu.webm,bororo/Taradrimana/2026-01-28/112207_valdemar_toriwudu.webm,data/converted_audio/bororo/sd1775409863_2.wav,toriwudu
103220_valdemar_mi.webm,bororo/Taradrimana/2026-01-28/103220_valdemar_mi.webm,data/converted_audio/bororo/sd1775409864_1.wav,mi
103220_valdemar_mi.webm,bororo/Taradrimana/2026-01-28/103220_valdemar_mi.webm,data/converted_audio/bororo/sd1775409864_2.wav,mi
095537_elizete_tuda.webm,bororo/Taradrimana/2026-01-28/095537_elizete_tuda.webm,data/converted_audio/bororo/sd1775409865_1.wav,tuda
095537_elizete_tuda.webm,bororo/Taradrimana/2026-01-28/095537_elizete_tuda.webm,data/converted_audio/bororo/sd1775409865_2.wav,tuda
112732_valdemar_boearegodu.webm,bororo/Taradrimana/2026-01-28/112732_valdemar_boearegodu.webm,data/converted_audio/bororo/sd1775409866_1.wav,boearegodu
112732_valdemar_boearegodu.webm,bororo/Taradrimana/2026-01-28/112732_valdemar_boearegodu.webm,data/converted_audio/bororo/sd1775409866_2.wav,boearegodu
112806_valdemar_boigodu.webm,bororo/Taradrimana/2026-01-28/112806_valdemar_boigodu.webm,data/converted_audio/bororo/sd1775409867_1.wav,boigodu
112806_valdemar_boigodu.webm,bororo/Taradrimana/2026-01-28/112806_valdemar_boigodu.webm,data/converted_audio/bororo/sd1775409867_2.wav,boigodu
111720_valdemar_tada.webm,bororo/Taradrimana/2026-01-28/111720_valdemar_tada.webm,data/converted_audio/bororo/sd1775409868_1.wav,tada
111720_valdemar_tada.webm,bororo/Taradrimana/2026-01-28/111720_valdemar_tada.webm,data/converted_audio/bororo/sd1775409868_2.wav,tada
094544_elizete_iaroPemegarewu.webm,bororo/Taradrimana/2026-01-28/094544_elizete_iaroPemegarewu.webm,data/converted_audio/bororo/sd1775409869_1.wav,iaro pemegarewu
094544_elizete_iaroPemegarewu.webm,bororo/Taradrimana/2026-01-28/094544_elizete_iaroPemegarewu.webm,data/converted_audio/bororo/sd1775409869_2.wav,iaro pemegarewu
095434_elizete_utu.webm,bororo/Taradrimana/2026-01-28/095434_elizete_utu.webm,data/converted_audio/bororo/sd1775409870_1.wav,utu
095434_elizete_utu.webm,bororo/Taradrimana/2026-01-28/095434_elizete_utu.webm,data/converted_audio/bororo/sd1775409870_2.wav,utu
115407_gleide_amarudu.webm,bororo/Taradrimana/2026-01-28/115407_gleide_amarudu.webm,data/converted_audio/bororo/sd1775409871_1.wav,amarudu
115407_gleide_amarudu.webm,bororo/Taradrimana/2026-01-28/115407_gleide_amarudu.webm,data/converted_audio/bororo/sd1775409871_2.wav,amarudu
103440_valdemar_mearudu.webm,bororo/Taradrimana/2026-01-28/103440_valdemar_mearudu.webm,data/converted_audio/bororo/sd1775409872_1.wav,mearudu
103440_valdemar_mearudu.webm,bororo/Taradrimana/2026-01-28/103440_valdemar_mearudu.webm,data/converted_audio/bororo/sd1775409872_2.wav,mearudu
101808_elizete_ricodu.webm,bororo/Taradrimana/2026-01-28/101808_elizete_ricodu.webm,data/converted_audio/bororo/sd1775409873_1.wav,ricodu
101808_elizete_ricodu.webm,bororo/Taradrimana/2026-01-28/101808_elizete_ricodu.webm,data/converted_audio/bororo/sd1775409873_2.wav,ricodu
115522_gleide_kuiada.webm,bororo/Taradrimana/2026-01-28/115522_gleide_kuiada.webm,data/converted_audio/bororo/sd1775409874_1.wav,kuiada
115522_gleide_kuiada.webm,bororo/Taradrimana/2026-01-28/115522_gleide_kuiada.webm,data/converted_audio/bororo/sd1775409874_2.wav,kuiada
103635_valdemar_biado.webm,bororo/Taradrimana/2026-01-28/103635_valdemar_biado.webm,data/converted_audio/bororo/sd1775409875_1.wav,biado
103635_valdemar_biado.webm,bororo/Taradrimana/2026-01-28/103635_valdemar_biado.webm,data/converted_audio/bororo/sd1775409875_2.wav,biado
095736_elizete_aroeEimejera.webm,bororo/Taradrimana/2026-01-28/095736_elizete_aroeEimejera.webm,data/converted_audio/bororo/sd1775409876_1.wav,aroe eimejera
095736_elizete_aroeEimejera.webm,bororo/Taradrimana/2026-01-28/095736_elizete_aroeEimejera.webm,data/converted_audio/bororo/sd1775409876_2.wav,aroe eimejera
111529_valdemar_keboeiri.webm,bororo/Taradrimana/2026-01-28/111529_valdemar_keboeiri.webm,data/converted_audio/bororo/sd1775409877_1.wav,keboeiri
111529_valdemar_keboeiri.webm,bororo/Taradrimana/2026-01-28/111529_valdemar_keboeiri.webm,data/converted_audio/bororo/sd1775409877_2.wav,keboeiri
112119_valdemar_baiporoEpa.webm,bororo/Taradrimana/2026-01-28/112119_valdemar_baiporoEpa.webm,data/converted_audio/bororo/sd1775409878_1.wav,baiporo epa
112119_valdemar_baiporoEpa.webm,bororo/Taradrimana/2026-01-28/112119_valdemar_baiporoEpa.webm,data/converted_audio/bororo/sd1775409878_2.wav,baiporo epa
115437_gleide_bari.webm,bororo/Taradrimana/2026-01-28/115437_gleide_bari.webm,data/converted_audio/bororo/sd1775409879_1.wav,bari
115437_gleide_bari.webm,bororo/Taradrimana/2026-01-28/115437_gleide_bari.webm,data/converted_audio/bororo/sd1775409879_2.wav,bari
101337_elizete_boeButu.webm,bororo/Taradrimana/2026-01-28/101337_elizete_boeButu.webm,data/converted_audio/bororo/sd1775409880_1.wav,boe butu
101337_elizete_boeButu.webm,bororo/Taradrimana/2026-01-28/101337_elizete_boeButu.webm,data/converted_audio/bororo/sd1775409880_2.wav,boe butu
103245_valdemar_jakare.webm,bororo/Taradrimana/2026-01-28/103245_valdemar_jakare.webm,data/converted_audio/bororo/sd1775409881_1.wav,jakare
103245_valdemar_jakare.webm,bororo/Taradrimana/2026-01-28/103245_valdemar_jakare.webm,data/converted_audio/bororo/sd1775409881_2.wav,jakare
103800_valdemar_bai.webm,bororo/Taradrimana/2026-01-28/103800_valdemar_bai.webm,data/converted_audio/bororo/sd1775409882_1.wav,bai
103800_valdemar_bai.webm,bororo/Taradrimana/2026-01-28/103800_valdemar_bai.webm,data/converted_audio/bororo/sd1775409882_2.wav,bai
112653_valdemar_ewadaru.webm,bororo/Taradrimana/2026-01-28/112653_valdemar_ewadaru.webm,data/converted_audio/bororo/sd1775409883_1.wav,ewadaru
112653_valdemar_ewadaru.webm,bororo/Taradrimana/2026-01-28/112653_valdemar_ewadaru.webm,data/converted_audio/bororo/sd1775409883_2.wav,ewadaru
145210_valdemar_boataradu.webm,bororo/Taradrimana/2026-01-28/145210_valdemar_boataradu.webm,data/converted_audio/bororo/sd1775409884_1.wav,boataradu
145210_valdemar_boataradu.webm,bororo/Taradrimana/2026-01-28/145210_valdemar_boataradu.webm,data/converted_audio/bororo/sd1775409884_2.wav,boataradu
112854_valdemar_biri.webm,bororo/Taradrimana/2026-01-28/112854_valdemar_biri.webm,data/converted_audio/bororo/sd1775409885_1.wav,biri
112854_valdemar_biri.webm,bororo/Taradrimana/2026-01-28/112854_valdemar_biri.webm,data/converted_audio/bororo/sd1775409885_2.wav,biri
100049_elizete_boeButu.webm,bororo/Taradrimana/2026-01-28/100049_elizete_boeButu.webm,data/converted_audio/bororo/sd1775409886_1.wav,boe butu
100049_elizete_boeButu.webm,bororo/Taradrimana/2026-01-28/100049_elizete_boeButu.webm,data/converted_audio/bororo/sd1775409886_2.wav,boe butu
111250_valdemar_aredo.webm,bororo/Taradrimana/2026-01-28/111250_valdemar_aredo.webm,data/converted_audio/bororo/sd1775409887_1.wav,aredo
111250_valdemar_aredo.webm,bororo/Taradrimana/2026-01-28/111250_valdemar_aredo.webm,data/converted_audio/bororo/sd1775409887_2.wav,aredo
094942_elizete_maku.webm,bororo/Taradrimana/2026-01-28/094942_elizete_maku.webm,data/converted_audio/bororo/sd1775409888_1.wav,maku
094942_elizete_maku.webm,bororo/Taradrimana/2026-01-28/094942_elizete_maku.webm,data/converted_audio/bororo/sd1775409888_2.wav,maku
114829_gleide_aigo.webm,bororo/Taradrimana/2026-01-28/114829_gleide_aigo.webm,data/converted_audio/bororo/sd1775409889_1.wav,aigo
114829_gleide_aigo.webm,bororo/Taradrimana/2026-01-28/114829_gleide_aigo.webm,data/converted_audio/bororo/sd1775409889_2.wav,aigo
094746_elizete_arodae.webm,bororo/Taradrimana/2026-01-28/094746_elizete_arodae.webm,data/converted_audio/bororo/sd1775409890_1.wav,arodae
094746_elizete_arodae.webm,bororo/Taradrimana/2026-01-28/094746_elizete_arodae.webm,data/converted_audio/bororo/sd1775409890_2.wav,arodae
102018_elizete_kuiboka.webm,bororo/Taradrimana/2026-01-28/102018_elizete_kuiboka.webm,data/converted_audio/bororo/sd1775409891_1.wav,kuiboka
102018_elizete_kuiboka.webm,bororo/Taradrimana/2026-01-28/102018_elizete_kuiboka.webm,data/converted_audio/bororo/sd1775409891_2.wav,kuiboka
111808_valdemar_meriri.webm,bororo/Taradrimana/2026-01-28/111808_valdemar_meriri.webm,data/converted_audio/bororo/sd1775409892_1.wav,meriri
111808_valdemar_meriri.webm,bororo/Taradrimana/2026-01-28/111808_valdemar_meriri.webm,data/converted_audio/bororo/sd1775409892_2.wav,meriri
112527_valdemar_jorduwa.webm,bororo/Taradrimana/2026-01-28/112527_valdemar_jorduwa.webm,data/converted_audio/bororo/sd1775409893_1.wav,jorduwa
112527_valdemar_jorduwa.webm,bororo/Taradrimana/2026-01-28/112527_valdemar_jorduwa.webm,data/converted_audio/bororo/sd1775409893_2.wav,jorduwa
145321_valdemar_rutureboe.webm,bororo/Taradrimana/2026-01-28/145321_valdemar_rutureboe.webm,data/converted_audio/bororo/sd1775409894_1.wav,rutureboe
145321_valdemar_rutureboe.webm,bororo/Taradrimana/2026-01-28/145321_valdemar_rutureboe.webm,data/converted_audio/bororo/sd1775409894_2.wav,rutureboe
114758_gleide_koboreu.webm,bororo/Taradrimana/2026-01-28/114758_gleide_koboreu.webm,data/converted_audio/bororo/sd1775409895_1.wav,koboreu
114758_gleide_koboreu.webm,bororo/Taradrimana/2026-01-28/114758_gleide_koboreu.webm,data/converted_audio/bororo/sd1775409895_2.wav,koboreu
095408_elizete_meririKuru.webm,bororo/Taradrimana/2026-01-28/095408_elizete_meririKuru.webm,data/converted_audio/bororo/sd1775409896_1.wav,meriri kuru
095408_elizete_meririKuru.webm,bororo/Taradrimana/2026-01-28/095408_elizete_meririKuru.webm,data/converted_audio/bororo/sd1775409896_2.wav,meriri kuru
145256_valdemar_jewodu.webm,bororo/Taradrimana/2026-01-28/145256_valdemar_jewodu.webm,data/converted_audio/bororo/sd1775409897_1.wav,jewodu
145256_valdemar_jewodu.webm,bororo/Taradrimana/2026-01-28/145256_valdemar_jewodu.webm,data/converted_audio/bororo/sd1775409897_2.wav,jewodu
112827_valdemar_atadai.webm,bororo/Taradrimana/2026-01-28/112827_valdemar_atadai.webm,data/converted_audio/bororo/sd1775409898_1.wav,atadai
112827_valdemar_atadai.webm,bororo/Taradrimana/2026-01-28/112827_valdemar_atadai.webm,data/converted_audio/bororo/sd1775409898_2.wav,atadai
115813_gleide_remagu.webm,bororo/Taradrimana/2026-01-28/115813_gleide_remagu.webm,data/converted_audio/bororo/sd1775409899_1.wav,remagu
115813_gleide_remagu.webm,bororo/Taradrimana/2026-01-28/115813_gleide_remagu.webm,data/converted_audio/bororo/sd1775409899_2.wav,remagu
115226_gleide_jorugu.webm,bororo/Taradrimana/2026-01-28/115226_gleide_jorugu.webm,data/converted_audio/bororo/sd1775409900_1.wav,jorugu
115226_gleide_jorugu.webm,bororo/Taradrimana/2026-01-28/115226_gleide_jorugu.webm,data/converted_audio/bororo/sd1775409900_2.wav,jorugu
103703_valdemar_purekudu.webm,bororo/Taradrimana/2026-01-28/103703_valdemar_purekudu.webm,data/converted_audio/bororo/sd1775409901_1.wav,purekudu
103703_valdemar_purekudu.webm,bororo/Taradrimana/2026-01-28/103703_valdemar_purekudu.webm,data/converted_audio/bororo/sd1775409901_2.wav,purekudu
112008_valdemar_itoRa.webm,bororo/Taradrimana/2026-01-28/112008_valdemar_itoRa.webm,data/converted_audio/bororo/sd1775409902_1.wav,ito ra
112008_valdemar_itoRa.webm,bororo/Taradrimana/2026-01-28/112008_valdemar_itoRa.webm,data/converted_audio/bororo/sd1775409902_2.wav,ito ra
114955_gleide_botadararodu.webm,bororo/Taradrimana/2026-01-28/114955_gleide_botadararodu.webm,data/converted_audio/bororo/sd1775409903_1.wav,botadararodu
114955_gleide_botadararodu.webm,bororo/Taradrimana/2026-01-28/114955_gleide_botadararodu.webm,data/converted_audio/bororo/sd1775409903_2.wav,botadararodu
115134_gleide_rutuReboe.webm,bororo/Taradrimana/2026-01-28/115134_gleide_rutuReboe.webm,data/converted_audio/bororo/sd1775409904_1.wav,rutu reboe
115134_gleide_rutuReboe.webm,bororo/Taradrimana/2026-01-28/115134_gleide_rutuReboe.webm,data/converted_audio/bororo/sd1775409904_2.wav,rutu reboe
111349_valdemar_purekudu.webm,bororo/Taradrimana/2026-01-28/111349_valdemar_purekudu.webm,data/converted_audio/bororo/sd1775409905_1.wav,purekudu
111349_valdemar_purekudu.webm,bororo/Taradrimana/2026-01-28/111349_valdemar_purekudu.webm,data/converted_audio/bororo/sd1775409905_2.wav,purekudu
100146_elizete_bokokuwa.webm,bororo/Taradrimana/2026-01-28/100146_elizete_bokokuwa.webm,data/converted_audio/bororo/sd1775409906_1.wav,bokokuwa
100146_elizete_bokokuwa.webm,bororo/Taradrimana/2026-01-28/100146_elizete_bokokuwa.webm,data/converted_audio/bororo/sd1775409906_2.wav,bokokuwa
115657_gleide_kuaruAredu.webm,bororo/Taradrimana/2026-01-28/115657_gleide_kuaruAredu.webm,data/converted_audio/bororo/sd1775409907_1.wav,kuaru aredu
115657_gleide_kuaruAredu.webm,bororo/Taradrimana/2026-01-28/115657_gleide_kuaruAredu.webm,data/converted_audio/bororo/sd1775409907_2.wav,kuaru aredu
112050_valdemar_udo.webm,bororo/Taradrimana/2026-01-28/112050_valdemar_udo.webm,data/converted_audio/bororo/sd1775409908_1.wav,udo
112050_valdemar_udo.webm,bororo/Taradrimana/2026-01-28/112050_valdemar_udo.webm,data/converted_audio/bororo/sd1775409908_2.wav,udo
111829_valdemar_pegodo.webm,bororo/Taradrimana/2026-01-28/111829_valdemar_pegodo.webm,data/converted_audio/bororo/sd1775409909_1.wav,pegodo
111829_valdemar_pegodo.webm,bororo/Taradrimana/2026-01-28/111829_valdemar_pegodo.webm,data/converted_audio/bororo/sd1775409909_2.wav,pegodo
145043_valdemar_koboreu.webm,bororo/Taradrimana/2026-01-28/145043_valdemar_koboreu.webm,data/converted_audio/bororo/sd1775409910_1.wav,koboreu
145043_valdemar_koboreu.webm,bororo/Taradrimana/2026-01-28/145043_valdemar_koboreu.webm,data/converted_audio/bororo/sd1775409910_2.wav,koboreu
115550_gleide_towuje.webm,bororo/Taradrimana/2026-01-28/115550_gleide_towuje.webm,data/converted_audio/bororo/sd1775409911_1.wav,towuje
115550_gleide_towuje.webm,bororo/Taradrimana/2026-01-28/115550_gleide_towuje.webm,data/converted_audio/bororo/sd1775409911_2.wav,towuje
111742_valdemar_peguru.webm,bororo/Taradrimana/2026-01-28/111742_valdemar_peguru.webm,data/converted_audio/bororo/sd1775409912_1.wav,peguru
111742_valdemar_peguru.webm,bororo/Taradrimana/2026-01-28/111742_valdemar_peguru.webm,data/converted_audio/bororo/sd1775409912_2.wav,peguru
102052_elizete_wuredo.webm,bororo/Taradrimana/2026-01-28/102052_elizete_wuredo.webm,data/converted_audio/bororo/sd1775409913_1.wav,wuredo
102052_elizete_wuredo.webm,bororo/Taradrimana/2026-01-28/102052_elizete_wuredo.webm,data/converted_audio/bororo/sd1775409913_2.wav,wuredo
103525_valdemar_baru.webm,bororo/Taradrimana/2026-01-28/103525_valdemar_baru.webm,data/converted_audio/bororo/sd1775409914_1.wav,baru
103525_valdemar_baru.webm,bororo/Taradrimana/2026-01-28/103525_valdemar_baru.webm,data/converted_audio/bororo/sd1775409914_2.wav,baru
111938_valdemar_pobaia.webm,bororo/Taradrimana/2026-01-28/111938_valdemar_pobaia.webm,data/converted_audio/bororo/sd1775409915_1.wav,pobaia
111938_valdemar_pobaia.webm,bororo/Taradrimana/2026-01-28/111938_valdemar_pobaia.webm,data/converted_audio/bororo/sd1775409915_2.wav,pobaia
095037_elizete_kuriButu.webm,bororo/Taradrimana/2026-01-28/095037_elizete_kuriButu.webm,data/converted_audio/bororo/sd1775409916_1.wav,kuri butu
095037_elizete_kuriButu.webm,bororo/Taradrimana/2026-01-28/095037_elizete_kuriButu.webm,data/converted_audio/bororo/sd1775409916_2.wav,kuri butu
101328_Valdemar_kiogoCoreu.webm,bororo/Taradrimana/2026-01-27/101328_Valdemar_kiogoCoreu.webm,data/converted_audio/bororo/sd1775409917_1.wav,kiogo coreu
101328_Valdemar_kiogoCoreu.webm,bororo/Taradrimana/2026-01-27/101328_Valdemar_kiogoCoreu.webm,data/converted_audio/bororo/sd1775409917_2.wav,kiogo coreu
150007_Valdemar_korao.webm,bororo/Taradrimana/2026-01-27/150007_Valdemar_korao.webm,data/converted_audio/bororo/sd1775409918_1.wav,korao
150007_Valdemar_korao.webm,bororo/Taradrimana/2026-01-27/150007_Valdemar_korao.webm,data/converted_audio/bororo/sd1775409918_2.wav,korao
145523_Valdemar_boekaguru.webm,bororo/Taradrimana/2026-01-27/145523_Valdemar_boekaguru.webm,data/converted_audio/bororo/sd1775409919_1.wav,boekaguru
145523_Valdemar_boekaguru.webm,bororo/Taradrimana/2026-01-27/145523_Valdemar_boekaguru.webm,data/converted_audio/bororo/sd1775409919_2.wav,boekaguru
150845_Valdemar_kodu.webm,bororo/Taradrimana/2026-01-27/150845_Valdemar_kodu.webm,data/converted_audio/bororo/sd1775409920_1.wav,kodu
150845_Valdemar_kodu.webm,bororo/Taradrimana/2026-01-27/150845_Valdemar_kodu.webm,data/converted_audio/bororo/sd1775409920_2.wav,kodu
145130_Valdemar_jaere.webm,bororo/Taradrimana/2026-01-27/145130_Valdemar_jaere.webm,data/converted_audio/bororo/sd1775409921_1.wav,jaere
145130_Valdemar_jaere.webm,bororo/Taradrimana/2026-01-27/145130_Valdemar_jaere.webm,data/converted_audio/bororo/sd1775409921_2.wav,jaere
153158_Valdemar_kurodureboe.webm,bororo/Taradrimana/2026-01-27/153158_Valdemar_kurodureboe.webm,data/converted_audio/bororo/sd1775409922_1.wav,kurodureboe
153158_Valdemar_kurodureboe.webm,bororo/Taradrimana/2026-01-27/153158_Valdemar_kurodureboe.webm,data/converted_audio/bororo/sd1775409922_2.wav,kurodureboe
101203_Valdemar_mekire.webm,bororo/Taradrimana/2026-01-27/101203_Valdemar_mekire.webm,data/converted_audio/bororo/sd1775409923_1.wav,mekire
101203_Valdemar_mekire.webm,bororo/Taradrimana/2026-01-27/101203_Valdemar_mekire.webm,data/converted_audio/bororo/sd1775409923_2.wav,mekire
151432_Valdemar_kodure.webm,bororo/Taradrimana/2026-01-27/151432_Valdemar_kodure.webm,data/converted_audio/bororo/sd1775409924_1.wav,kodure
151432_Valdemar_kodure.webm,bororo/Taradrimana/2026-01-27/151432_Valdemar_kodure.webm,data/converted_audio/bororo/sd1775409924_2.wav,kodure
150805_Valdemar_rekodu.webm,bororo/Taradrimana/2026-01-27/150805_Valdemar_rekodu.webm,data/converted_audio/bororo/sd1775409925_1.wav,rekodu
150805_Valdemar_rekodu.webm,bororo/Taradrimana/2026-01-27/150805_Valdemar_rekodu.webm,data/converted_audio/bororo/sd1775409925_2.wav,rekodu
095919_Valdemar_aroia.webm,bororo/Taradrimana/2026-01-27/095919_Valdemar_aroia.webm,data/converted_audio/bororo/sd1775409926_1.wav,aroia
095919_Valdemar_aroia.webm,bororo/Taradrimana/2026-01-27/095919_Valdemar_aroia.webm,data/converted_audio/bororo/sd1775409926_2.wav,aroia
151617_Valdemar_bokwarore.webm,bororo/Taradrimana/2026-01-27/151617_Valdemar_bokwarore.webm,data/converted_audio/bororo/sd1775409927_1.wav,bokwarore
151617_Valdemar_bokwarore.webm,bororo/Taradrimana/2026-01-27/151617_Valdemar_bokwarore.webm,data/converted_audio/bororo/sd1775409927_2.wav,bokwarore
111900_Valdemar_nuiao.webm,bororo/Taradrimana/2026-01-27/111900_Valdemar_nuiao.webm,data/converted_audio/bororo/sd1775409928_1.wav,nuiao
111900_Valdemar_nuiao.webm,bororo/Taradrimana/2026-01-27/111900_Valdemar_nuiao.webm,data/converted_audio/bororo/sd1775409928_2.wav,nuiao
151004_Valdemar_barodureboe.webm,bororo/Taradrimana/2026-01-27/151004_Valdemar_barodureboe.webm,data/converted_audio/bororo/sd1775409929_1.wav,barodureboe
151004_Valdemar_barodureboe.webm,bororo/Taradrimana/2026-01-27/151004_Valdemar_barodureboe.webm,data/converted_audio/bororo/sd1775409929_2.wav,barodureboe
103014_Valdemar_bokwaro.webm,bororo/Taradrimana/2026-01-27/103014_Valdemar_bokwaro.webm,data/converted_audio/bororo/sd1775409930_1.wav,bokwaro
103014_Valdemar_bokwaro.webm,bororo/Taradrimana/2026-01-27/103014_Valdemar_bokwaro.webm,data/converted_audio/bororo/sd1775409930_2.wav,bokwaro
100408_Valdemar_ariaMeriri.webm,bororo/Taradrimana/2026-01-27/100408_Valdemar_ariaMeriri.webm,data/converted_audio/bororo/sd1775409931_1.wav,aria meriri
100408_Valdemar_ariaMeriri.webm,bororo/Taradrimana/2026-01-27/100408_Valdemar_ariaMeriri.webm,data/converted_audio/bororo/sd1775409931_2.wav,aria meriri
145712_Valdemar_boe.webm,bororo/Taradrimana/2026-01-27/145712_Valdemar_boe.webm,data/converted_audio/bororo/sd1775409932_1.wav,boe
145712_Valdemar_boe.webm,bororo/Taradrimana/2026-01-27/145712_Valdemar_boe.webm,data/converted_audio/bororo/sd1775409932_2.wav,boe
113039_Valdemar_iragoja.webm,bororo/Taradrimana/2026-01-27/113039_Valdemar_iragoja.webm,data/converted_audio/bororo/sd1775409933_1.wav,iragoja
113039_Valdemar_iragoja.webm,bororo/Taradrimana/2026-01-27/113039_Valdemar_iragoja.webm,data/converted_audio/bororo/sd1775409933_2.wav,iragoja
111214_Valdemar_towuje.webm,bororo/Taradrimana/2026-01-27/111214_Valdemar_towuje.webm,data/converted_audio/bororo/sd1775409934_1.wav,towuje
111214_Valdemar_towuje.webm,bororo/Taradrimana/2026-01-27/111214_Valdemar_towuje.webm,data/converted_audio/bororo/sd1775409934_2.wav,towuje
095217_Valdemar_akoJodo.webm,bororo/Taradrimana/2026-01-27/095217_Valdemar_akoJodo.webm,data/converted_audio/bororo/sd1775409935_1.wav,ako jodo
095217_Valdemar_akoJodo.webm,bororo/Taradrimana/2026-01-27/095217_Valdemar_akoJodo.webm,data/converted_audio/bororo/sd1775409935_2.wav,ako jodo
152657_Valdemar_akudo.webm,bororo/Taradrimana/2026-01-27/152657_Valdemar_akudo.webm,data/converted_audio/bororo/sd1775409936_1.wav,akudo
152657_Valdemar_akudo.webm,bororo/Taradrimana/2026-01-27/152657_Valdemar_akudo.webm,data/converted_audio/bororo/sd1775409936_2.wav,akudo
101530_Valdemar_ruwobo.webm,bororo/Taradrimana/2026-01-27/101530_Valdemar_ruwobo.webm,data/converted_audio/bororo/sd1775409937_1.wav,ruwobo
101530_Valdemar_ruwobo.webm,bororo/Taradrimana/2026-01-27/101530_Valdemar_ruwobo.webm,data/converted_audio/bororo/sd1775409937_2.wav,ruwobo
102557_Valdemar_okwatorureu.webm,bororo/Taradrimana/2026-01-27/102557_Valdemar_okwatorureu.webm,data/converted_audio/bororo/sd1775409938_1.wav,okwatorureu
102557_Valdemar_okwatorureu.webm,bororo/Taradrimana/2026-01-27/102557_Valdemar_okwatorureu.webm,data/converted_audio/bororo/sd1775409938_2.wav,okwatorureu
114639_Valdemar_motoMagadu.webm,bororo/Taradrimana/2026-01-27/114639_Valdemar_motoMagadu.webm,data/converted_audio/bororo/sd1775409939_1.wav,moto magadu
114639_Valdemar_motoMagadu.webm,bororo/Taradrimana/2026-01-27/114639_Valdemar_motoMagadu.webm,data/converted_audio/bororo/sd1775409939_2.wav,moto magadu
093421_Valdemar_joradu.webm,bororo/Taradrimana/2026-01-27/093421_Valdemar_joradu.webm,data/converted_audio/bororo/sd1775409940_1.wav,joradu
093421_Valdemar_joradu.webm,bororo/Taradrimana/2026-01-27/093421_Valdemar_joradu.webm,data/converted_audio/bororo/sd1775409940_2.wav,joradu
111121_Valdemar_kadoaiado.webm,bororo/Taradrimana/2026-01-27/111121_Valdemar_kadoaiado.webm,data/converted_audio/bororo/sd1775409941_1.wav,kadoaiado
111121_Valdemar_kadoaiado.webm,bororo/Taradrimana/2026-01-27/111121_Valdemar_kadoaiado.webm,data/converted_audio/bororo/sd1775409941_2.wav,kadoaiado
112802_Valdemar_joruKejeu.webm,bororo/Taradrimana/2026-01-27/112802_Valdemar_joruKejeu.webm,data/converted_audio/bororo/sd1775409942_1.wav,joru kejeu
112802_Valdemar_joruKejeu.webm,bororo/Taradrimana/2026-01-27/112802_Valdemar_joruKejeu.webm,data/converted_audio/bororo/sd1775409942_2.wav,joru kejeu
152104_Valdemar_biagodu.webm,bororo/Taradrimana/2026-01-27/152104_Valdemar_biagodu.webm,data/converted_audio/bororo/sd1775409943_1.wav,biagodu
152104_Valdemar_biagodu.webm,bororo/Taradrimana/2026-01-27/152104_Valdemar_biagodu.webm,data/converted_audio/bororo/sd1775409943_2.wav,biagodu
150130_Valdemar_koraawu.webm,bororo/Taradrimana/2026-01-27/150130_Valdemar_koraawu.webm,data/converted_audio/bororo/sd1775409944_1.wav,koraawu
150130_Valdemar_koraawu.webm,bororo/Taradrimana/2026-01-27/150130_Valdemar_koraawu.webm,data/converted_audio/bororo/sd1775409944_2.wav,koraawu
153414_Valdemar_biriTa.webm,bororo/Taradrimana/2026-01-27/153414_Valdemar_biriTa.webm,data/converted_audio/bororo/sd1775409945_1.wav,biri ta
153414_Valdemar_biriTa.webm,bororo/Taradrimana/2026-01-27/153414_Valdemar_biriTa.webm,data/converted_audio/bororo/sd1775409945_2.wav,biri ta
095525_Valdemar_akadadoJi.webm,bororo/Taradrimana/2026-01-27/095525_Valdemar_akadadoJi.webm,data/converted_audio/bororo/sd1775409946_1.wav,akadado ji
095525_Valdemar_akadadoJi.webm,bororo/Taradrimana/2026-01-27/095525_Valdemar_akadadoJi.webm,data/converted_audio/bororo/sd1775409946_2.wav,akadado ji
110647_Valdemar_boeEkeja.webm,bororo/Taradrimana/2026-01-27/110647_Valdemar_boeEkeja.webm,data/converted_audio/bororo/sd1775409947_1.wav,boe ekeja
110647_Valdemar_boeEkeja.webm,bororo/Taradrimana/2026-01-27/110647_Valdemar_boeEkeja.webm,data/converted_audio/bororo/sd1775409947_2.wav,boe ekeja
153258_Valdemar_gorido.webm,bororo/Taradrimana/2026-01-27/153258_Valdemar_gorido.webm,data/converted_audio/bororo/sd1775409948_1.wav,gorido
153258_Valdemar_gorido.webm,bororo/Taradrimana/2026-01-27/153258_Valdemar_gorido.webm,data/converted_audio/bororo/sd1775409948_2.wav,gorido
142851_Valdemar_okwaji.webm,bororo/Taradrimana/2026-01-27/142851_Valdemar_okwaji.webm,data/converted_audio/bororo/sd1775409949_1.wav,okwaji
142851_Valdemar_okwaji.webm,bororo/Taradrimana/2026-01-27/142851_Valdemar_okwaji.webm,data/converted_audio/bororo/sd1775409949_2.wav,okwaji
150340_Valdemar_jerigi.webm,bororo/Taradrimana/2026-01-27/150340_Valdemar_jerigi.webm,data/converted_audio/bororo/sd1775409950_1.wav,jerigi
150340_Valdemar_jerigi.webm,bororo/Taradrimana/2026-01-27/150340_Valdemar_jerigi.webm,data/converted_audio/bororo/sd1775409950_2.wav,jerigi
101107_Valdemar_uwai.webm,bororo/Taradrimana/2026-01-27/101107_Valdemar_uwai.webm,data/converted_audio/bororo/sd1775409951_1.wav,uwai
101107_Valdemar_uwai.webm,bororo/Taradrimana/2026-01-27/101107_Valdemar_uwai.webm,data/converted_audio/bororo/sd1775409951_2.wav,uwai
093316_Valdemar_tudaru.webm,bororo/Taradrimana/2026-01-27/093316_Valdemar_tudaru.webm,data/converted_audio/bororo/sd1775409952_1.wav,tudaru
093316_Valdemar_tudaru.webm,bororo/Taradrimana/2026-01-27/093316_Valdemar_tudaru.webm,data/converted_audio/bororo/sd1775409952_2.wav,tudaru
110024_Valdemar_jetupemegareu.webm,bororo/Taradrimana/2026-01-27/110024_Valdemar_jetupemegareu.webm,data/converted_audio/bororo/sd1775409953_1.wav,jetupemegareu
110024_Valdemar_jetupemegareu.webm,bororo/Taradrimana/2026-01-27/110024_Valdemar_jetupemegareu.webm,data/converted_audio/bororo/sd1775409953_2.wav,jetupemegareu
143638_Valdemar_boePegareuge.webm,bororo/Taradrimana/2026-01-27/143638_Valdemar_boePegareuge.webm,data/converted_audio/bororo/sd1775409954_1.wav,boe pegareuge
143638_Valdemar_boePegareuge.webm,bororo/Taradrimana/2026-01-27/143638_Valdemar_boePegareuge.webm,data/converted_audio/bororo/sd1775409954_2.wav,boe pegareuge
115003_Valdemar_barogoPeguru.webm,bororo/Taradrimana/2026-01-27/115003_Valdemar_barogoPeguru.webm,data/converted_audio/bororo/sd1775409955_1.wav,barogo peguru
115003_Valdemar_barogoPeguru.webm,bororo/Taradrimana/2026-01-27/115003_Valdemar_barogoPeguru.webm,data/converted_audio/bororo/sd1775409955_2.wav,barogo peguru
152001_Valdemar_jeri.webm,bororo/Taradrimana/2026-01-27/152001_Valdemar_jeri.webm,data/converted_audio/bororo/sd1775409956_1.wav,jeri
152001_Valdemar_jeri.webm,bororo/Taradrimana/2026-01-27/152001_Valdemar_jeri.webm,data/converted_audio/bororo/sd1775409956_2.wav,jeri
151721_Valdemar_rekodaji.webm,bororo/Taradrimana/2026-01-27/151721_Valdemar_rekodaji.webm,data/converted_audio/bororo/sd1775409957_1.wav,rekodaji
151721_Valdemar_rekodaji.webm,bororo/Taradrimana/2026-01-27/151721_Valdemar_rekodaji.webm,data/converted_audio/bororo/sd1775409957_2.wav,rekodaji
143016_Valdemar_piora.webm,bororo/Taradrimana/2026-01-27/143016_Valdemar_piora.webm,data/converted_audio/bororo/sd1775409958_1.wav,piora
143016_Valdemar_piora.webm,bororo/Taradrimana/2026-01-27/143016_Valdemar_piora.webm,data/converted_audio/bororo/sd1775409958_2.wav,piora
152606_Valdemar_rore.webm,bororo/Taradrimana/2026-01-27/152606_Valdemar_rore.webm,data/converted_audio/bororo/sd1775409959_1.wav,rore
152606_Valdemar_rore.webm,bororo/Taradrimana/2026-01-27/152606_Valdemar_rore.webm,data/converted_audio/bororo/sd1775409959_2.wav,rore
100904_Valdemar_remagu.webm,bororo/Taradrimana/2026-01-27/100904_Valdemar_remagu.webm,data/converted_audio/bororo/sd1775409960_1.wav,remagu
100904_Valdemar_remagu.webm,bororo/Taradrimana/2026-01-27/100904_Valdemar_remagu.webm,data/converted_audio/bororo/sd1775409960_2.wav,remagu
145319_Valdemar_metuPemegado.webm,bororo/Taradrimana/2026-01-27/145319_Valdemar_metuPemegado.webm,data/converted_audio/bororo/sd1775409961_1.wav,metu pemegado
145319_Valdemar_metuPemegado.webm,bororo/Taradrimana/2026-01-27/145319_Valdemar_metuPemegado.webm,data/converted_audio/bororo/sd1775409961_2.wav,metu pemegado
103133_Valdemar_rakare.webm,bororo/Taradrimana/2026-01-27/103133_Valdemar_rakare.webm,data/converted_audio/bororo/sd1775409962_1.wav,rakare
103133_Valdemar_rakare.webm,bororo/Taradrimana/2026-01-27/103133_Valdemar_rakare.webm,data/converted_audio/bororo/sd1775409962_2.wav,rakare
152856_Valdemar_ru.webm,bororo/Taradrimana/2026-01-27/152856_Valdemar_ru.webm,data/converted_audio/bororo/sd1775409963_1.wav,ru
152856_Valdemar_ru.webm,bororo/Taradrimana/2026-01-27/152856_Valdemar_ru.webm,data/converted_audio/bororo/sd1775409963_2.wav,ru
095626_Valdemar_jeroreu.webm,bororo/Taradrimana/2026-01-27/095626_Valdemar_jeroreu.webm,data/converted_audio/bororo/sd1775409964_1.wav,jeroreu
095626_Valdemar_jeroreu.webm,bororo/Taradrimana/2026-01-27/095626_Valdemar_jeroreu.webm,data/converted_audio/bororo/sd1775409964_2.wav,jeroreu
143943_Valdemar_atugodo.webm,bororo/Taradrimana/2026-01-27/143943_Valdemar_atugodo.webm,data/converted_audio/bororo/sd1775409965_1.wav,atugodo
143943_Valdemar_atugodo.webm,bororo/Taradrimana/2026-01-27/143943_Valdemar_atugodo.webm,data/converted_audio/bororo/sd1775409965_2.wav,atugodo
101946_Valdemar_merijameduji.webm,bororo/Taradrimana/2026-01-27/101946_Valdemar_merijameduji.webm,data/converted_audio/bororo/sd1775409966_1.wav,merijameduji
101946_Valdemar_merijameduji.webm,bororo/Taradrimana/2026-01-27/101946_Valdemar_merijameduji.webm,data/converted_audio/bororo/sd1775409966_2.wav,merijameduji
100521_Valdemar_akiguKodu.webm,bororo/Taradrimana/2026-01-27/100521_Valdemar_akiguKodu.webm,data/converted_audio/bororo/sd1775409967_1.wav,akigu kodu
100521_Valdemar_akiguKodu.webm,bororo/Taradrimana/2026-01-27/100521_Valdemar_akiguKodu.webm,data/converted_audio/bororo/sd1775409967_2.wav,akigu kodu
095819_Valdemar_rutu.webm,bororo/Taradrimana/2026-01-27/095819_Valdemar_rutu.webm,data/converted_audio/bororo/sd1775409968_1.wav,rutu
095819_Valdemar_rutu.webm,bororo/Taradrimana/2026-01-27/095819_Valdemar_rutu.webm,data/converted_audio/bororo/sd1775409968_2.wav,rutu
113218_Valdemar_atugoMode.webm,bororo/Taradrimana/2026-01-27/113218_Valdemar_atugoMode.webm,data/converted_audio/bororo/sd1775409969_1.wav,atugo mode
113218_Valdemar_atugoMode.webm,bororo/Taradrimana/2026-01-27/113218_Valdemar_atugoMode.webm,data/converted_audio/bororo/sd1775409969_2.wav,atugo mode
150256_Valdemar_akedudo.webm,bororo/Taradrimana/2026-01-27/150256_Valdemar_akedudo.webm,data/converted_audio/bororo/sd1775409970_1.wav,akedudo
150256_Valdemar_akedudo.webm,bororo/Taradrimana/2026-01-27/150256_Valdemar_akedudo.webm,data/converted_audio/bororo/sd1775409970_2.wav,akedudo
144112_Valdemar_ciNorudo.webm,bororo/Taradrimana/2026-01-27/144112_Valdemar_ciNorudo.webm,data/converted_audio/bororo/sd1775409971_1.wav,ci norudo
144112_Valdemar_ciNorudo.webm,bororo/Taradrimana/2026-01-27/144112_Valdemar_ciNorudo.webm,data/converted_audio/bororo/sd1775409971_2.wav,ci norudo
152300_Valdemar_kagarigaAredu.webm,bororo/Taradrimana/2026-01-27/152300_Valdemar_kagarigaAredu.webm,data/converted_audio/bororo/sd1775409972_1.wav,kagariga aredu
152300_Valdemar_kagarigaAredu.webm,bororo/Taradrimana/2026-01-27/152300_Valdemar_kagarigaAredu.webm,data/converted_audio/bororo/sd1775409972_2.wav,kagariga aredu
095315_Valdemar_kagariga.webm,bororo/Taradrimana/2026-01-27/095315_Valdemar_kagariga.webm,data/converted_audio/bororo/sd1775409973_1.wav,kagariga
095315_Valdemar_kagariga.webm,bororo/Taradrimana/2026-01-27/095315_Valdemar_kagariga.webm,data/converted_audio/bororo/sd1775409973_2.wav,kagariga
101729_Valdemar_biture.webm,bororo/Taradrimana/2026-01-27/101729_Valdemar_biture.webm,data/converted_audio/bororo/sd1775409974_1.wav,biture
101729_Valdemar_biture.webm,bororo/Taradrimana/2026-01-27/101729_Valdemar_biture.webm,data/converted_audio/bororo/sd1775409974_2.wav,biture
141759_Valdemar_meriRutu.webm,bororo/Taradrimana/2026-01-27/141759_Valdemar_meriRutu.webm,data/converted_audio/bororo/sd1775409975_1.wav,meri rutu
141759_Valdemar_meriRutu.webm,bororo/Taradrimana/2026-01-27/141759_Valdemar_meriRutu.webm,data/converted_audio/bororo/sd1775409975_2.wav,meri rutu
153008_Valdemar_biakuPegareu.webm,bororo/Taradrimana/2026-01-27/153008_Valdemar_biakuPegareu.webm,data/converted_audio/bororo/sd1775409976_1.wav,biaku pegareu
153008_Valdemar_biakuPegareu.webm,bororo/Taradrimana/2026-01-27/153008_Valdemar_biakuPegareu.webm,data/converted_audio/bororo/sd1775409976_2.wav,biaku pegareu
151106_Valdemar_juKudu.webm,bororo/Taradrimana/2026-01-27/151106_Valdemar_juKudu.webm,data/converted_audio/bororo/sd1775409977_1.wav,ju kudu
151106_Valdemar_juKudu.webm,bororo/Taradrimana/2026-01-27/151106_Valdemar_juKudu.webm,data/converted_audio/bororo/sd1775409977_2.wav,ju kudu
100237_Valdemar_jodoTo.webm,bororo/Taradrimana/2026-01-27/100237_Valdemar_jodoTo.webm,data/converted_audio/bororo/sd1775409978_1.wav,jodo to
100237_Valdemar_jodoTo.webm,bororo/Taradrimana/2026-01-27/100237_Valdemar_jodoTo.webm,data/converted_audio/bororo/sd1775409978_2.wav,jodo to
110801_Valdemar_boiako.webm,bororo/Taradrimana/2026-01-27/110801_Valdemar_boiako.webm,data/converted_audio/bororo/sd1775409979_1.wav,boiako
110801_Valdemar_boiako.webm,bororo/Taradrimana/2026-01-27/110801_Valdemar_boiako.webm,data/converted_audio/bororo/sd1775409979_2.wav,boiako
145409_Valdemar_kawav.webm,bororo/Taradrimana/2026-01-27/145409_Valdemar_kawav.webm,data/converted_audio/bororo/sd1775409980_1.wav,kawav
145409_Valdemar_kawav.webm,bororo/Taradrimana/2026-01-27/145409_Valdemar_kawav.webm,data/converted_audio/bororo/sd1775409980_2.wav,kawav
150659_Valdemar_kuieje.webm,bororo/Taradrimana/2026-01-27/150659_Valdemar_kuieje.webm,data/converted_audio/bororo/sd1775409981_1.wav,kuieje
150659_Valdemar_kuieje.webm,bororo/Taradrimana/2026-01-27/150659_Valdemar_kuieje.webm,data/converted_audio/bororo/sd1775409981_2.wav,kuieje
093619_Valdemar_morora.webm,bororo/Taradrimana/2026-01-27/093619_Valdemar_morora.webm,data/converted_audio/bororo/sd1775409982_1.wav,morora
093619_Valdemar_morora.webm,bororo/Taradrimana/2026-01-27/093619_Valdemar_morora.webm,data/converted_audio/bororo/sd1775409982_2.wav,morora
152516_Valdemar_okwa.webm,bororo/Taradrimana/2026-01-27/152516_Valdemar_okwa.webm,data/converted_audio/bororo/sd1775409983_1.wav,okwa
152516_Valdemar_okwa.webm,bororo/Taradrimana/2026-01-27/152516_Valdemar_okwa.webm,data/converted_audio/bororo/sd1775409983_2.wav,okwa
145845_Valdemar_boeewiriuru.webm,bororo/Taradrimana/2026-01-27/145845_Valdemar_boeewiriuru.webm,data/converted_audio/bororo/sd1775409984_1.wav,boeewiriuru
145845_Valdemar_boeewiriuru.webm,bororo/Taradrimana/2026-01-27/145845_Valdemar_boeewiriuru.webm,data/converted_audio/bororo/sd1775409984_2.wav,boeewiriuru
102727_Valdemar_pegado.webm,bororo/Taradrimana/2026-01-27/102727_Valdemar_pegado.webm,data/converted_audio/bororo/sd1775409985_1.wav,pegado
102727_Valdemar_pegado.webm,bororo/Taradrimana/2026-01-27/102727_Valdemar_pegado.webm,data/converted_audio/bororo/sd1775409985_2.wav,pegado
114451_Valdemar_aroeceba.webm,bororo/Taradrimana/2026-01-27/114451_Valdemar_aroeceba.webm,data/converted_audio/bororo/sd1775409986_1.wav,aroeceba
114451_Valdemar_aroeceba.webm,bororo/Taradrimana/2026-01-27/114451_Valdemar_aroeceba.webm,data/converted_audio/bororo/sd1775409986_2.wav,aroeceba
144603_Valdemar_uwobe.webm,bororo/Taradrimana/2026-01-27/144603_Valdemar_uwobe.webm,data/converted_audio/bororo/sd1775409987_1.wav,uwobe
144603_Valdemar_uwobe.webm,bororo/Taradrimana/2026-01-27/144603_Valdemar_uwobe.webm,data/converted_audio/bororo/sd1775409987_2.wav,uwobe
142020_Valdemar_rakaKare.webm,bororo/Taradrimana/2026-01-27/142020_Valdemar_rakaKare.webm,data/converted_audio/bororo/sd1775409988_1.wav,raka kare
142020_Valdemar_rakaKare.webm,bororo/Taradrimana/2026-01-27/142020_Valdemar_rakaKare.webm,data/converted_audio/bororo/sd1775409988_2.wav,raka kare
100013_Valdemar_puduga.webm,bororo/Taradrimana/2026-01-27/100013_Valdemar_puduga.webm,data/converted_audio/bororo/sd1775409989_1.wav,puduga
100013_Valdemar_puduga.webm,bororo/Taradrimana/2026-01-27/100013_Valdemar_puduga.webm,data/converted_audio/bororo/sd1775409989_2.wav,puduga
145615_Valdemar_pagudu.webm,bororo/Taradrimana/2026-01-27/145615_Valdemar_pagudu.webm,data/converted_audio/bororo/sd1775409990_1.wav,pagudu
145615_Valdemar_pagudu.webm,bororo/Taradrimana/2026-01-27/145615_Valdemar_pagudu.webm,data/converted_audio/bororo/sd1775409990_2.wav,pagudu
112916_Valdemar_rugudu.webm,bororo/Taradrimana/2026-01-27/112916_Valdemar_rugudu.webm,data/converted_audio/bororo/sd1775409991_1.wav,rugudu
112916_Valdemar_rugudu.webm,bororo/Taradrimana/2026-01-27/112916_Valdemar_rugudu.webm,data/converted_audio/bororo/sd1775409991_2.wav,rugudu
144438_Valdemar_je.webm,bororo/Taradrimana/2026-01-27/144438_Valdemar_je.webm,data/converted_audio/bororo/sd1775409992_1.wav,je
144438_Valdemar_je.webm,bororo/Taradrimana/2026-01-27/144438_Valdemar_je.webm,data/converted_audio/bororo/sd1775409992_2.wav,je
100710_Valdemar_kojari.webm,bororo/Taradrimana/2026-01-27/100710_Valdemar_kojari.webm,data/converted_audio/bororo/sd1775409993_1.wav,kojari
100710_Valdemar_kojari.webm,bororo/Taradrimana/2026-01-27/100710_Valdemar_kojari.webm,data/converted_audio/bororo/sd1775409993_2.wav,kojari
144347_Valdemar_jocuBu.webm,bororo/Taradrimana/2026-01-27/144347_Valdemar_jocuBu.webm,data/converted_audio/bororo/sd1775409994_1.wav,jocu bu
144347_Valdemar_jocuBu.webm,bororo/Taradrimana/2026-01-27/144347_Valdemar_jocuBu.webm,data/converted_audio/bororo/sd1775409994_2.wav,jocu bu
111504_Valdemar_mokuroKuruTawuje.webm,bororo/Taradrimana/2026-01-27/111504_Valdemar_mokuroKuruTawuje.webm,data/converted_audio/bororo/sd1775409995_1.wav,mokuro kuru tawuje
111504_Valdemar_mokuroKuruTawuje.webm,bororo/Taradrimana/2026-01-27/111504_Valdemar_mokuroKuruTawuje.webm,data/converted_audio/bororo/sd1775409995_2.wav,mokuro kuru tawuje
150602_Valdemar_pameadae.webm,bororo/Taradrimana/2026-01-27/150602_Valdemar_pameadae.webm,data/converted_audio/bororo/sd1775409996_1.wav,pameadae
150602_Valdemar_pameadae.webm,bororo/Taradrimana/2026-01-27/150602_Valdemar_pameadae.webm,data/converted_audio/bororo/sd1775409996_2.wav,pameadae
151255_Valdemar_poboruture.webm,bororo/Taradrimana/2026-01-27/151255_Valdemar_poboruture.webm,data/converted_audio/bororo/sd1775409997_1.wav,poboruture
151255_Valdemar_poboruture.webm,bororo/Taradrimana/2026-01-27/151255_Valdemar_poboruture.webm,data/converted_audio/bororo/sd1775409997_2.wav,poboruture
153550_Valdemar_akododu.webm,bororo/Taradrimana/2026-01-27/153550_Valdemar_akododu.webm,data/converted_audio/bororo/sd1775409998_1.wav,akododu
153550_Valdemar_akododu.webm,bororo/Taradrimana/2026-01-27/153550_Valdemar_akododu.webm,data/converted_audio/bororo/sd1775409998_2.wav,akododu
103253_Valdemar_boiakodo.webm,bororo/Taradrimana/2026-01-27/103253_Valdemar_boiakodo.webm,data/converted_audio/bororo/sd1775409999_1.wav,boiakodo
103253_Valdemar_boiakodo.webm,bororo/Taradrimana/2026-01-27/103253_Valdemar_boiakodo.webm,data/converted_audio/bororo/sd1775409999_2.wav,boiakodo
100123_Valdemar_akirimi.webm,bororo/Taradrimana/2026-01-27/100123_Valdemar_akirimi.webm,data/converted_audio/bororo/sd1775410000_1.wav,akirimi
100123_Valdemar_akirimi.webm,bororo/Taradrimana/2026-01-27/100123_Valdemar_akirimi.webm,data/converted_audio/bororo/sd1775410000_2.wav,akirimi
093105_Valdemar_tapiraDoge.webm,bororo/Taradrimana/2026-01-27/093105_Valdemar_tapiraDoge.webm,data/converted_audio/bororo/sd1775410001_1.wav,tapira doge
093105_Valdemar_tapiraDoge.webm,bororo/Taradrimana/2026-01-27/093105_Valdemar_tapiraDoge.webm,data/converted_audio/bororo/sd1775410001_2.wav,tapira doge
Leonida_ao01.wav,bororo/bor_lex02-leonida-IMG_0687/Leonida_ao01.wav,data/converted_audio/bororo/sd1775410002_1.wav,ao
Leonida_ao01.wav,bororo/bor_lex02-leonida-IMG_0687/Leonida_ao01.wav,data/converted_audio/bororo/sd1775410002_2.wav,ao
Leonida_pogora01.wav,bororo/bor_lex02-leonida-IMG_0687/Leonida_pogora01.wav,data/converted_audio/bororo/sd1775410003_1.wav,pogora
Leonida_pogora01.wav,bororo/bor_lex02-leonida-IMG_0687/Leonida_pogora01.wav,data/converted_audio/bororo/sd1775410003_2.wav,pogora
Leonida_eru01.wav,bororo/bor_lex02-leonida-IMG_0687/Leonida_eru01.wav,data/converted_audio/bororo/sd1775410004_1.wav,eru
Leonida_eru01.wav,bororo/bor_lex02-leonida-IMG_0687/Leonida_eru01.wav,data/converted_audio/bororo/sd1775410004_2.wav,eru
Leonida_enoja.wav,bororo/bor_lex02-leonida-IMG_0687/Leonida_enoja.wav,data/converted_audio/bororo/sd1775410005_1.wav,enoja
Leonida_enoja.wav,bororo/bor_lex02-leonida-IMG_0687/Leonida_enoja.wav,data/converted_audio/bororo/sd1775410005_2.wav,enoja
Leonida_aora.wav,bororo/bor_lex02-leonida-IMG_0687/Leonida_aora.wav,data/converted_audio/bororo/sd1775410006_1.wav,aora
Leonida_aora.wav,bororo/bor_lex02-leonida-IMG_0687/Leonida_aora.wav,data/converted_audio/bororo/sd1775410006_2.wav,aora
Leonida_kiga.wav,bororo/bor_lex02-leonida-IMG_0687/Leonida_kiga.wav,data/converted_audio/bororo/sd1775410007_1.wav,kiga
Leonida_kiga.wav,bororo/bor_lex02-leonida-IMG_0687/Leonida_kiga.wav,data/converted_audio/bororo/sd1775410007_2.wav,kiga
Leonida_pogodawo.wav,bororo/bor_lex02-leonida-IMG_0687/Leonida_pogodawo.wav,data/converted_audio/bororo/sd1775410008_1.wav,pogodawo
Leonida_pogodawo.wav,bororo/bor_lex02-leonida-IMG_0687/Leonida_pogodawo.wav,data/converted_audio/bororo/sd1775410008_2.wav,pogodawo
Leonida_aka.wav,bororo/bor_lex02-leonida-IMG_0687/Leonida_aka.wav,data/converted_audio/bororo/sd1775410009_1.wav,aka
Leonida_aka.wav,bororo/bor_lex02-leonida-IMG_0687/Leonida_aka.wav,data/converted_audio/bororo/sd1775410009_2.wav,aka
Leonida_biaja.wav,bororo/bor_lex02-leonida-IMG_0687/Leonida_biaja.wav,data/converted_audio/bororo/sd1775410010_1.wav,biaja
Leonida_biaja.wav,bororo/bor_lex02-leonida-IMG_0687/Leonida_biaja.wav,data/converted_audio/bororo/sd1775410010_2.wav,biaja
Leonida_boeBo.wav,bororo/bor_lex02-leonida-IMG_0687/Leonida_boeBo.wav,data/converted_audio/bororo/sd1775410011_1.wav,boe bo
Leonida_boeBo.wav,bororo/bor_lex02-leonida-IMG_0687/Leonida_boeBo.wav,data/converted_audio/bororo/sd1775410011_2.wav,boe bo
Leonida_iera.wav,bororo/bor_lex02-leonida-IMG_0687/Leonida_iera.wav,data/converted_audio/bororo/sd1775410012_1.wav,iera
Leonida_iera.wav,bororo/bor_lex02-leonida-IMG_0687/Leonida_iera.wav,data/converted_audio/bororo/sd1775410012_2.wav,iera
Leonida_kanabo.wav,bororo/bor_lex02-leonida-IMG_0687/Leonida_kanabo.wav,data/converted_audio/bororo/sd1775410013_1.wav,kanabo
Leonida_kanabo.wav,bororo/bor_lex02-leonida-IMG_0687/Leonida_kanabo.wav,data/converted_audio/bororo/sd1775410013_2.wav,kanabo
Leonida_o01.wav,bororo/bor_lex02-leonida-IMG_0687/Leonida_o01.wav,data/converted_audio/bororo/sd1775410014_1.wav,o
Leonida_o01.wav,bororo/bor_lex02-leonida-IMG_0687/Leonida_o01.wav,data/converted_audio/bororo/sd1775410014_2.wav,o
Leonida_itoru01.wav,bororo/bor_lex02-leonida-IMG_0687/Leonida_itoru01.wav,data/converted_audio/bororo/sd1775410015_1.wav,itoru
Leonida_itoru01.wav,bororo/bor_lex02-leonida-IMG_0687/Leonida_itoru01.wav,data/converted_audio/bororo/sd1775410015_2.wav,itoru
Leonida_mokuro01.wav,bororo/bor_lex02-leonida-IMG_0687/Leonida_mokuro01.wav,data/converted_audio/bororo/sd1775410016_1.wav,mokuro
Leonida_mokuro01.wav,bororo/bor_lex02-leonida-IMG_0687/Leonida_mokuro01.wav,data/converted_audio/bororo/sd1775410016_2.wav,mokuro
Leonida_uwabo.wav,bororo/bor_lex02-leonida-IMG_0687/Leonida_uwabo.wav,data/converted_audio/bororo/sd1775410017_1.wav,uwabo
Leonida_uwabo.wav,bororo/bor_lex02-leonida-IMG_0687/Leonida_uwabo.wav,data/converted_audio/bororo/sd1775410017_2.wav,uwabo
Leonida_okwa01.wav,bororo/bor_lex02-leonida-IMG_0687/Leonida_okwa01.wav,data/converted_audio/bororo/sd1775410018_1.wav,okwa
Leonida_okwa01.wav,bororo/bor_lex02-leonida-IMG_0687/Leonida_okwa01.wav,data/converted_audio/bororo/sd1775410018_2.wav,okwa
Leonida_inegi.wav,bororo/bor_lex02-leonida-IMG_0687/Leonida_inegi.wav,data/converted_audio/bororo/sd1775410019_1.wav,inegi
Leonida_inegi.wav,bororo/bor_lex02-leonida-IMG_0687/Leonida_inegi.wav,data/converted_audio/bororo/sd1775410019_2.wav,inegi
Leonida_itorura.wav,bororo/bor_lex02-leonida-IMG_0687/Leonida_itorura.wav,data/converted_audio/bororo/sd1775410020_1.wav,itorura
Leonida_itorura.wav,bororo/bor_lex02-leonida-IMG_0687/Leonida_itorura.wav,data/converted_audio/bororo/sd1775410020_2.wav,itorura
Leonida_bure.wav,bororo/bor_lex02-leonida-IMG_0687/Leonida_bure.wav,data/converted_audio/bororo/sd1775410021_1.wav,bure
Leonida_bure.wav,bororo/bor_lex02-leonida-IMG_0687/Leonida_bure.wav,data/converted_audio/bororo/sd1775410021_2.wav,bure
113608_Bosco_amema.webm,bororo/field/2026-01-26/113608_Bosco_amema.webm,data/converted_audio/bororo/sd1775410022_1.wav,amema
113608_Bosco_amema.webm,bororo/field/2026-01-26/113608_Bosco_amema.webm,data/converted_audio/bororo/sd1775410022_2.wav,amema
113324_Bosco_bu.webm,bororo/field/2026-01-26/113324_Bosco_bu.webm,data/converted_audio/bororo/sd1775410023_1.wav,bu
113324_Bosco_bu.webm,bororo/field/2026-01-26/113324_Bosco_bu.webm,data/converted_audio/bororo/sd1775410023_2.wav,bu
113720_Bosco_reko.webm,bororo/field/2026-01-26/113720_Bosco_reko.webm,data/converted_audio/bororo/sd1775410024_1.wav,reko
113720_Bosco_reko.webm,bororo/field/2026-01-26/113720_Bosco_reko.webm,data/converted_audio/bororo/sd1775410024_2.wav,reko
113434_Bosco_eru_kabi.webm,bororo/field/2026-01-26/113434_Bosco_eru_kabi.webm,data/converted_audio/bororo/sd1775410025_1.wav,kabi
113434_Bosco_eru_kabi.webm,bororo/field/2026-01-26/113434_Bosco_eru_kabi.webm,data/converted_audio/bororo/sd1775410025_2.wav,kabi
114035_Bosco_moture.webm,bororo/field/2026-01-26/114035_Bosco_moture.webm,data/converted_audio/bororo/sd1775410026_1.wav,moture
114035_Bosco_moture.webm,bororo/field/2026-01-26/114035_Bosco_moture.webm,data/converted_audio/bororo/sd1775410026_2.wav,moture
112221_Bosco_pegagodu.webm,bororo/field/2026-01-26/112221_Bosco_pegagodu.webm,data/converted_audio/bororo/sd1775410027_1.wav,pegagodu
112221_Bosco_pegagodu.webm,bororo/field/2026-01-26/112221_Bosco_pegagodu.webm,data/converted_audio/bororo/sd1775410027_2.wav,pegagodu
113136_Bosco_jurudu.webm,bororo/field/2026-01-26/113136_Bosco_jurudu.webm,data/converted_audio/bororo/sd1775410028_1.wav,jurudu
113136_Bosco_jurudu.webm,bororo/field/2026-01-26/113136_Bosco_jurudu.webm,data/converted_audio/bororo/sd1775410028_2.wav,jurudu
112904_Bosco_motu.webm,bororo/field/2026-01-26/112904_Bosco_motu.webm,data/converted_audio/bororo/sd1775410029_1.wav,motu
112904_Bosco_motu.webm,bororo/field/2026-01-26/112904_Bosco_motu.webm,data/converted_audio/bororo/sd1775410029_2.wav,motu
112834_Bosco_pegagodu.webm,bororo/field/2026-01-26/112834_Bosco_pegagodu.webm,data/converted_audio/bororo/sd1775410030_1.wav,pegagodu
112834_Bosco_pegagodu.webm,bororo/field/2026-01-26/112834_Bosco_pegagodu.webm,data/converted_audio/bororo/sd1775410030_2.wav,pegagodu
114415_Bosco_muga.webm,bororo/field/2026-01-26/114415_Bosco_muga.webm,data/converted_audio/bororo/sd1775410031_1.wav,muga
114415_Bosco_muga.webm,bororo/field/2026-01-26/114415_Bosco_muga.webm,data/converted_audio/bororo/sd1775410031_2.wav,muga
arigaoAkore.wav,bororo/bor_lex20-nazario01/arigaoAkore.wav,data/converted_audio/bororo/sd1775410032_1.wav,arigao akore
arigaoAkore.wav,bororo/bor_lex20-nazario01/arigaoAkore.wav,data/converted_audio/bororo/sd1775410032_2.wav,arigao akore
ke.wav,bororo/bor_lex20-nazario01/ke.wav,data/converted_audio/bororo/sd1775410033_1.wav,ke
ke.wav,bororo/bor_lex20-nazario01/ke.wav,data/converted_audio/bororo/sd1775410033_2.wav,ke
bire.wav,bororo/bor_lex20-nazario01/bire.wav,data/converted_audio/bororo/sd1775410034_1.wav,bire
bire.wav,bororo/bor_lex20-nazario01/bire.wav,data/converted_audio/bororo/sd1775410034_2.wav,bire
barogo01.wav,bororo/bor_lex20-nazario01/barogo01.wav,data/converted_audio/bororo/sd1775410035_1.wav,barogo
barogo01.wav,bororo/bor_lex20-nazario01/barogo01.wav,data/converted_audio/bororo/sd1775410035_2.wav,barogo
keje.wav,bororo/bor_lex20-nazario01/keje.wav,data/converted_audio/bororo/sd1775410036_1.wav,keje
keje.wav,bororo/bor_lex20-nazario01/keje.wav,data/converted_audio/bororo/sd1775410036_2.wav,keje
bapera.wav,bororo/bor_lex20-nazario01/bapera.wav,data/converted_audio/bororo/sd1775410037_1.wav,bapera
bapera.wav,bororo/bor_lex20-nazario01/bapera.wav,data/converted_audio/bororo/sd1775410037_2.wav,bapera
iwodure.wav,bororo/bor_lex20-nazario01/iwodure.wav,data/converted_audio/bororo/sd1775410038_1.wav,iwodure
iwodure.wav,bororo/bor_lex20-nazario01/iwodure.wav,data/converted_audio/bororo/sd1775410038_2.wav,iwodure
manana.wav,bororo/bor_lex20-nazario01/manana.wav,data/converted_audio/bororo/sd1775410039_1.wav,manana
manana.wav,bororo/bor_lex20-nazario01/manana.wav,data/converted_audio/bororo/sd1775410039_2.wav,manana
ikeBoiRi01.wav,bororo/bor_lex20-nazario01/ikeBoiRi01.wav,data/converted_audio/bororo/sd1775410040_1.wav,ike boi ri
ikeBoiRi01.wav,bororo/bor_lex20-nazario01/ikeBoiRi01.wav,data/converted_audio/bororo/sd1775410040_2.wav,ike boi ri
ikeBoiRi02.wav,bororo/bor_lex20-nazario01/ikeBoiRi02.wav,data/converted_audio/bororo/sd1775410041_1.wav,ike boi ri
ikeBoiRi02.wav,bororo/bor_lex20-nazario01/ikeBoiRi02.wav,data/converted_audio/bororo/sd1775410041_2.wav,ike boi ri
kodiba01.wav,bororo/bor_lex20-nazario01/kodiba01.wav,data/converted_audio/bororo/sd1775410042_1.wav,kodiba
kodiba01.wav,bororo/bor_lex20-nazario01/kodiba01.wav,data/converted_audio/bororo/sd1775410042_2.wav,kodiba
boeEtoreKugure.wav,bororo/bor_lex20-nazario01/boeEtoreKugure.wav,data/converted_audio/bororo/sd1775410043_1.wav,boe etore kugure
boeEtoreKugure.wav,bororo/bor_lex20-nazario01/boeEtoreKugure.wav,data/converted_audio/bororo/sd1775410043_2.wav,boe etore kugure
akeTawuje.wav,bororo/bor_lex20-nazario01/akeTawuje.wav,data/converted_audio/bororo/sd1775410044_1.wav,ake tawuje
akeTawuje.wav,bororo/bor_lex20-nazario01/akeTawuje.wav,data/converted_audio/bororo/sd1775410044_2.wav,ake tawuje
ipa.wav,bororo/bor_lex20-nazario01/ipa.wav,data/converted_audio/bororo/sd1775410045_1.wav,ipa
ipa.wav,bororo/bor_lex20-nazario01/ipa.wav,data/converted_audio/bororo/sd1775410045_2.wav,ipa
boeKorireJi.wav,bororo/bor_lex20-nazario01/boeKorireJi.wav,data/converted_audio/bororo/sd1775410046_1.wav,boe korire ji
boeKorireJi.wav,bororo/bor_lex20-nazario01/boeKorireJi.wav,data/converted_audio/bororo/sd1775410046_2.wav,boe korire ji
ake.wav,bororo/bor_lex20-nazario01/ake.wav,data/converted_audio/bororo/sd1775410047_1.wav,ake
ake.wav,bororo/bor_lex20-nazario01/ake.wav,data/converted_audio/bororo/sd1775410047_2.wav,ake
tugo02.wav,bororo/bor_lex20-nazario01/tugo02.wav,data/converted_audio/bororo/sd1775410048_1.wav,tugo
tugo02.wav,bororo/bor_lex20-nazario01/tugo02.wav,data/converted_audio/bororo/sd1775410048_2.wav,tugo
boeEtoje.wav,bororo/bor_lex20-nazario01/boeEtoje.wav,data/converted_audio/bororo/sd1775410049_1.wav,boe etoje
boeEtoje.wav,bororo/bor_lex20-nazario01/boeEtoje.wav,data/converted_audio/bororo/sd1775410049_2.wav,boe etoje
inogwabu.wav,bororo/bor_lex20-nazario01/inogwabu.wav,data/converted_audio/bororo/sd1775410050_1.wav,inogwabu
inogwabu.wav,bororo/bor_lex20-nazario01/inogwabu.wav,data/converted_audio/bororo/sd1775410050_2.wav,inogwabu
Terezinha_meri01.wav,bororo/bor_lex06-teresinha-IMG_0715/Terezinha_meri01.wav,data/converted_audio/bororo/sd1775410051_1.wav,meri
Terezinha_meri01.wav,bororo/bor_lex06-teresinha-IMG_0715/Terezinha_meri01.wav,data/converted_audio/bororo/sd1775410051_2.wav,meri
Terezinha_ibai.wav,bororo/bor_lex06-teresinha-IMG_0715/Terezinha_ibai.wav,data/converted_audio/bororo/sd1775410052_1.wav,ibai
Terezinha_ibai.wav,bororo/bor_lex06-teresinha-IMG_0715/Terezinha_ibai.wav,data/converted_audio/bororo/sd1775410052_2.wav,ibai
Terezinha_moto01.wav,bororo/bor_lex06-teresinha-IMG_0715/Terezinha_moto01.wav,data/converted_audio/bororo/sd1775410053_1.wav,moto
Terezinha_moto01.wav,bororo/bor_lex06-teresinha-IMG_0715/Terezinha_moto01.wav,data/converted_audio/bororo/sd1775410053_2.wav,moto
Terezinha_joru01.wav,bororo/bor_lex06-teresinha-IMG_0715/Terezinha_joru01.wav,data/converted_audio/bororo/sd1775410054_1.wav,joru
Terezinha_joru01.wav,bororo/bor_lex06-teresinha-IMG_0715/Terezinha_joru01.wav,data/converted_audio/bororo/sd1775410054_2.wav,joru
Terezinha_kugaru01.wav,bororo/bor_lex06-teresinha-IMG_0715/Terezinha_kugaru01.wav,data/converted_audio/bororo/sd1775410055_1.wav,kugaru
Terezinha_kugaru01.wav,bororo/bor_lex06-teresinha-IMG_0715/Terezinha_kugaru01.wav,data/converted_audio/bororo/sd1775410055_2.wav,kugaru
Terezinha_bamagaBaridu.wav,bororo/bor_lex06-teresinha-IMG_0715/Terezinha_bamagaBaridu.wav,data/converted_audio/bororo/sd1775410056_1.wav,bamaga baridu
Terezinha_bamagaBaridu.wav,bororo/bor_lex06-teresinha-IMG_0715/Terezinha_bamagaBaridu.wav,data/converted_audio/bororo/sd1775410056_2.wav,bamaga baridu
Terezinha_ari01.wav,bororo/bor_lex06-teresinha-IMG_0715/Terezinha_ari01.wav,data/converted_audio/bororo/sd1775410057_1.wav,ari
Terezinha_ari01.wav,bororo/bor_lex06-teresinha-IMG_0715/Terezinha_ari01.wav,data/converted_audio/bororo/sd1775410057_2.wav,ari
Terezinha_duguruTabo.wav,bororo/bor_lex06-teresinha-IMG_0715/Terezinha_duguruTabo.wav,data/converted_audio/bororo/sd1775410058_1.wav,duguru tabo
Terezinha_duguruTabo.wav,bororo/bor_lex06-teresinha-IMG_0715/Terezinha_duguruTabo.wav,data/converted_audio/bororo/sd1775410058_2.wav,duguru tabo
Terezinha_magaracada.wav,bororo/bor_lex06-teresinha-IMG_0715/Terezinha_magaracada.wav,data/converted_audio/bororo/sd1775410059_1.wav,magaracada
Terezinha_magaracada.wav,bororo/bor_lex06-teresinha-IMG_0715/Terezinha_magaracada.wav,data/converted_audio/bororo/sd1775410059_2.wav,magaracada
Terezinha_dorugudu.wav,bororo/bor_lex06-teresinha-IMG_0715/Terezinha_dorugudu.wav,data/converted_audio/bororo/sd1775410060_1.wav,dorugudu
Terezinha_dorugudu.wav,bororo/bor_lex06-teresinha-IMG_0715/Terezinha_dorugudu.wav,data/converted_audio/bororo/sd1775410060_2.wav,dorugudu
Terezinha_botugutabo.wav,bororo/bor_lex06-teresinha-IMG_0715/Terezinha_botugutabo.wav,data/converted_audio/bororo/sd1775410061_1.wav,botugutabo
Terezinha_botugutabo.wav,bororo/bor_lex06-teresinha-IMG_0715/Terezinha_botugutabo.wav,data/converted_audio/bororo/sd1775410061_2.wav,botugutabo
Terezinha_kuieje01.wav,bororo/bor_lex06-teresinha-IMG_0715/Terezinha_kuieje01.wav,data/converted_audio/bororo/sd1775410062_1.wav,kuieje
Terezinha_kuieje01.wav,bororo/bor_lex06-teresinha-IMG_0715/Terezinha_kuieje01.wav,data/converted_audio/bororo/sd1775410062_2.wav,kuieje
Leonida_pawuje.wav,bororo/bor_lex01-leonida-IMG_0686/Leonida_pawuje.wav,data/converted_audio/bororo/sd1775410063_1.wav,pawuje
Leonida_pawuje.wav,bororo/bor_lex01-leonida-IMG_0686/Leonida_pawuje.wav,data/converted_audio/bororo/sd1775410063_2.wav,pawuje
kodu.wav,bororo/bor_lex22-fernando02/kodu.wav,data/converted_audio/bororo/sd1775410064_1.wav,kodu
kodu.wav,bororo/bor_lex22-fernando02/kodu.wav,data/converted_audio/bororo/sd1775410064_2.wav,kodu
ototouje.wav,bororo/bor_lex22-fernando02/ototouje.wav,data/converted_audio/bororo/sd1775410065_1.wav,ototouje
ototouje.wav,bororo/bor_lex22-fernando02/ototouje.wav,data/converted_audio/bororo/sd1775410065_2.wav,ototouje
aoTadawu.wav,bororo/bor_lex22-fernando02/aoTadawu.wav,data/converted_audio/bororo/sd1775410066_1.wav,ao tadawu
aoTadawu.wav,bororo/bor_lex22-fernando02/aoTadawu.wav,data/converted_audio/bororo/sd1775410066_2.wav,ao tadawu
jerimagaGirorire.wav,bororo/bor_lex22-fernando02/jerimagaGirorire.wav,data/converted_audio/bororo/sd1775410067_1.wav,jerimaga girorire
jerimagaGirorire.wav,bororo/bor_lex22-fernando02/jerimagaGirorire.wav,data/converted_audio/bororo/sd1775410067_2.wav,jerimaga girorire
boku.wav,bororo/bor_lex22-fernando02/boku.wav,data/converted_audio/bororo/sd1775410068_1.wav,boku
boku.wav,bororo/bor_lex22-fernando02/boku.wav,data/converted_audio/bororo/sd1775410068_2.wav,boku
aregodu.wav,bororo/bor_lex22-fernando02/aregodu.wav,data/converted_audio/bororo/sd1775410069_1.wav,aregodu
aregodu.wav,bororo/bor_lex22-fernando02/aregodu.wav,data/converted_audio/bororo/sd1775410069_2.wav,aregodu
toriPoro.wav,bororo/bor_lex22-fernando02/toriPoro.wav,data/converted_audio/bororo/sd1775410070_1.wav,tori poro
toriPoro.wav,bororo/bor_lex22-fernando02/toriPoro.wav,data/converted_audio/bororo/sd1775410070_2.wav,tori poro
biadadawu.wav,bororo/bor_lex22-fernando02/biadadawu.wav,data/converted_audio/bororo/sd1775410071_1.wav,biadadawu
biadadawu.wav,bororo/bor_lex22-fernando02/biadadawu.wav,data/converted_audio/bororo/sd1775410071_2.wav,biadadawu
boeEmuga.wav,bororo/bor_lex22-fernando02/boeEmuga.wav,data/converted_audio/bororo/sd1775410072_1.wav,boe emuga
boeEmuga.wav,bororo/bor_lex22-fernando02/boeEmuga.wav,data/converted_audio/bororo/sd1775410072_2.wav,boe emuga
amagoBugai.wav,bororo/bor_lex22-fernando02/amagoBugai.wav,data/converted_audio/bororo/sd1775410073_1.wav,amago bugai
amagoBugai.wav,bororo/bor_lex22-fernando02/amagoBugai.wav,data/converted_audio/bororo/sd1775410073_2.wav,amago bugai
arega.wav,bororo/bor_lex22-fernando02/arega.wav,data/converted_audio/bororo/sd1775410074_1.wav,arega
arega.wav,bororo/bor_lex22-fernando02/arega.wav,data/converted_audio/bororo/sd1775410074_2.wav,arega
arigao02.wav,bororo/bor_lex22-fernando02/arigao02.wav,data/converted_audio/bororo/sd1775410075_1.wav,arigao
arigao02.wav,bororo/bor_lex22-fernando02/arigao02.wav,data/converted_audio/bororo/sd1775410075_2.wav,arigao
ika.wav,bororo/bor_lex22-fernando02/ika.wav,data/converted_audio/bororo/sd1775410076_1.wav,ika
ika.wav,bororo/bor_lex22-fernando02/ika.wav,data/converted_audio/bororo/sd1775410076_2.wav,ika
buru.wav,bororo/bor_lex22-fernando02/buru.wav,data/converted_audio/bororo/sd1775410077_1.wav,buru
buru.wav,bororo/bor_lex22-fernando02/buru.wav,data/converted_audio/bororo/sd1775410077_2.wav,buru
imeduKidarewu.wav,bororo/bor_lex22-fernando02/imeduKidarewu.wav,data/converted_audio/bororo/sd1775410078_1.wav,imedu kidarewu
imeduKidarewu.wav,bororo/bor_lex22-fernando02/imeduKidarewu.wav,data/converted_audio/bororo/sd1775410078_2.wav,imedu kidarewu
moriKurire.wav,bororo/bor_lex22-fernando02/moriKurire.wav,data/converted_audio/bororo/sd1775410079_1.wav,mori kurire
moriKurire.wav,bororo/bor_lex22-fernando02/moriKurire.wav,data/converted_audio/bororo/sd1775410079_2.wav,mori kurire
irui.wav,bororo/bor_lex22-fernando02/irui.wav,data/converted_audio/bororo/sd1775410080_1.wav,irui
irui.wav,bororo/bor_lex22-fernando02/irui.wav,data/converted_audio/bororo/sd1775410080_2.wav,irui
boeEimejera.wav,bororo/bor_lex22-fernando02/boeEimejera.wav,data/converted_audio/bororo/sd1775410081_1.wav,boe eimejera
boeEimejera.wav,bororo/bor_lex22-fernando02/boeEimejera.wav,data/converted_audio/bororo/sd1775410081_2.wav,boe eimejera
ikudawu.wav,bororo/bor_lex22-fernando02/ikudawu.wav,data/converted_audio/bororo/sd1775410082_1.wav,ikudawu
ikudawu.wav,bororo/bor_lex22-fernando02/ikudawu.wav,data/converted_audio/bororo/sd1775410082_2.wav,ikudawu
jujuUrebeJa.wav,bororo/bor_lex22-fernando02/jujuUrebeJa.wav,data/converted_audio/bororo/sd1775410083_1.wav,juju urebe ja
jujuUrebeJa.wav,bororo/bor_lex22-fernando02/jujuUrebeJa.wav,data/converted_audio/bororo/sd1775410083_2.wav,juju urebe ja
ura02.wav,bororo/bor_lex22-fernando02/ura02.wav,data/converted_audio/bororo/sd1775410084_1.wav,ura
ura02.wav,bororo/bor_lex22-fernando02/ura02.wav,data/converted_audio/bororo/sd1775410084_2.wav,ura
kigori.wav,bororo/bor_lex22-fernando02/kigori.wav,data/converted_audio/bororo/sd1775410085_1.wav,kigori
kigori.wav,bororo/bor_lex22-fernando02/kigori.wav,data/converted_audio/bororo/sd1775410085_2.wav,kigori
awaraji.wav,bororo/bor_lex22-fernando02/awaraji.wav,data/converted_audio/bororo/sd1775410086_1.wav,awaraji
awaraji.wav,bororo/bor_lex22-fernando02/awaraji.wav,data/converted_audio/bororo/sd1775410086_2.wav,awaraji
beagogu.wav,bororo/bor_lex22-fernando02/beagogu.wav,data/converted_audio/bororo/sd1775410087_1.wav,beagogu
beagogu.wav,bororo/bor_lex22-fernando02/beagogu.wav,data/converted_audio/bororo/sd1775410087_2.wav,beagogu
ragudu.wav,bororo/bor_lex22-fernando02/ragudu.wav,data/converted_audio/bororo/sd1775410088_1.wav,ragudu
ragudu.wav,bororo/bor_lex22-fernando02/ragudu.wav,data/converted_audio/bororo/sd1775410088_2.wav,ragudu
pegajejewu.wav,bororo/bor_lex22-fernando02/pegajejewu.wav,data/converted_audio/bororo/sd1775410089_1.wav,pegajejewu
pegajejewu.wav,bororo/bor_lex22-fernando02/pegajejewu.wav,data/converted_audio/bororo/sd1775410089_2.wav,pegajejewu
ura01.wav,bororo/bor_lex22-fernando02/ura01.wav,data/converted_audio/bororo/sd1775410090_1.wav,ura
ura01.wav,bororo/bor_lex22-fernando02/ura01.wav,data/converted_audio/bororo/sd1775410090_2.wav,ura
raeta.wav,bororo/bor_lex22-fernando02/raeta.wav,data/converted_audio/bororo/sd1775410091_1.wav,raeta
raeta.wav,bororo/bor_lex22-fernando02/raeta.wav,data/converted_audio/bororo/sd1775410091_2.wav,raeta
baBregodu.wav,bororo/bor_lex22-fernando02/baBregodu.wav,data/converted_audio/bororo/sd1775410092_1.wav,ba bregodu
baBregodu.wav,bororo/bor_lex22-fernando02/baBregodu.wav,data/converted_audio/bororo/sd1775410092_2.wav,ba bregodu
ria.wav,bororo/bor_lex22-fernando02/ria.wav,data/converted_audio/bororo/sd1775410093_1.wav,ria
ria.wav,bororo/bor_lex22-fernando02/ria.wav,data/converted_audio/bororo/sd1775410093_2.wav,ria
kobeto.wav,bororo/bor_lex22-fernando02/kobeto.wav,data/converted_audio/bororo/sd1775410094_1.wav,kobeto
kobeto.wav,bororo/bor_lex22-fernando02/kobeto.wav,data/converted_audio/bororo/sd1775410094_2.wav,kobeto
jokuBokwa.wav,bororo/bor_lex22-fernando02/jokuBokwa.wav,data/converted_audio/bororo/sd1775410095_1.wav,joku bokwa
jokuBokwa.wav,bororo/bor_lex22-fernando02/jokuBokwa.wav,data/converted_audio/bororo/sd1775410095_2.wav,joku bokwa
pogorajiwuRairewu.wav,bororo/bor_lex22-fernando02/pogorajiwuRairewu.wav,data/converted_audio/bororo/sd1775410096_1.wav,pogorajiwu rairewu
pogorajiwuRairewu.wav,bororo/bor_lex22-fernando02/pogorajiwuRairewu.wav,data/converted_audio/bororo/sd1775410096_2.wav,pogorajiwu rairewu
joradu.wav,bororo/bor_lex22-fernando02/joradu.wav,data/converted_audio/bororo/sd1775410097_1.wav,joradu
joradu.wav,bororo/bor_lex22-fernando02/joradu.wav,data/converted_audio/bororo/sd1775410097_2.wav,joradu
padudoAoji.wav,bororo/bor_lex22-fernando02/padudoAoji.wav,data/converted_audio/bororo/sd1775410098_1.wav,padudo aoji
padudoAoji.wav,bororo/bor_lex22-fernando02/padudoAoji.wav,data/converted_audio/bororo/sd1775410098_2.wav,padudo aoji
boiako.wav,bororo/bor_lex22-fernando02/boiako.wav,data/converted_audio/bororo/sd1775410099_1.wav,boiako
boiako.wav,bororo/bor_lex22-fernando02/boiako.wav,data/converted_audio/bororo/sd1775410099_2.wav,boiako
awureToJi.wav,bororo/bor_lex22-fernando02/awureToJi.wav,data/converted_audio/bororo/sd1775410100_1.wav,awure to ji
awureToJi.wav,bororo/bor_lex22-fernando02/awureToJi.wav,data/converted_audio/bororo/sd1775410100_2.wav,awure to ji
ikuie.wav,bororo/bor_lex22-fernando02/ikuie.wav,data/converted_audio/bororo/sd1775410101_1.wav,ikuie
ikuie.wav,bororo/bor_lex22-fernando02/ikuie.wav,data/converted_audio/bororo/sd1775410101_2.wav,ikuie
jerimaga.wav,bororo/bor_lex22-fernando02/jerimaga.wav,data/converted_audio/bororo/sd1775410102_1.wav,jerimaga
jerimaga.wav,bororo/bor_lex22-fernando02/jerimaga.wav,data/converted_audio/bororo/sd1775410102_2.wav,jerimaga
ao04.wav,bororo/bor_lex22-fernando02/ao04.wav,data/converted_audio/bororo/sd1775410103_1.wav,ao
ao04.wav,bororo/bor_lex22-fernando02/ao04.wav,data/converted_audio/bororo/sd1775410103_2.wav,ao
jaBioro.wav,bororo/bor_lex22-fernando02/jaBioro.wav,data/converted_audio/bororo/sd1775410104_1.wav,ja bioro
jaBioro.wav,bororo/bor_lex22-fernando02/jaBioro.wav,data/converted_audio/bororo/sd1775410104_2.wav,ja bioro
bapo.wav,bororo/bor_lex22-fernando02/bapo.wav,data/converted_audio/bororo/sd1775410105_1.wav,bapo
bapo.wav,bororo/bor_lex22-fernando02/bapo.wav,data/converted_audio/bororo/sd1775410105_2.wav,bapo
joru04.wav,bororo/bor_lex22-fernando02/joru04.wav,data/converted_audio/bororo/sd1775410106_1.wav,joru
joru04.wav,bororo/bor_lex22-fernando02/joru04.wav,data/converted_audio/bororo/sd1775410106_2.wav,joru
bakurirewu.wav,bororo/bor_lex22-fernando02/bakurirewu.wav,data/converted_audio/bororo/sd1775410107_1.wav,bakurirewu
bakurirewu.wav,bororo/bor_lex22-fernando02/bakurirewu.wav,data/converted_audio/bororo/sd1775410107_2.wav,bakurirewu
turugadu.wav,bororo/bor_lex22-fernando02/turugadu.wav,data/converted_audio/bororo/sd1775410108_1.wav,turugadu
turugadu.wav,bororo/bor_lex22-fernando02/turugadu.wav,data/converted_audio/bororo/sd1775410108_2.wav,turugadu
baperaAdugoTogiareBugaiBe.wav,bororo/bor_lex22-fernando02/baperaAdugoTogiareBugaiBe.wav,data/converted_audio/bororo/sd1775410109_1.wav,bapera adugo togiare bugai be
baperaAdugoTogiareBugaiBe.wav,bororo/bor_lex22-fernando02/baperaAdugoTogiareBugaiBe.wav,data/converted_audio/bororo/sd1775410109_2.wav,bapera adugo togiare bugai be
baru.wav,bororo/bor_lex22-fernando02/baru.wav,data/converted_audio/bororo/sd1775410110_1.wav,baru
baru.wav,bororo/bor_lex22-fernando02/baru.wav,data/converted_audio/bororo/sd1775410110_2.wav,baru
itoruKajejewu.wav,bororo/bor_lex22-fernando02/itoruKajejewu.wav,data/converted_audio/bororo/sd1775410111_1.wav,itoru kajejewu
itoruKajejewu.wav,bororo/bor_lex22-fernando02/itoruKajejewu.wav,data/converted_audio/bororo/sd1775410111_2.wav,itoru kajejewu
bubutu.wav,bororo/bor_lex22-fernando02/bubutu.wav,data/converted_audio/bororo/sd1775410112_1.wav,bubutu
bubutu.wav,bororo/bor_lex22-fernando02/bubutu.wav,data/converted_audio/bororo/sd1775410112_2.wav,bubutu
otoparuTouje.wav,bororo/bor_lex22-fernando02/otoparuTouje.wav,data/converted_audio/bororo/sd1775410113_1.wav,otoparu touje
otoparuTouje.wav,bororo/bor_lex22-fernando02/otoparuTouje.wav,data/converted_audio/bororo/sd1775410113_2.wav,otoparu touje
meririAiado.wav,bororo/bor_lex22-fernando02/meririAiado.wav,data/converted_audio/bororo/sd1775410114_1.wav,meriri aiado
meririAiado.wav,bororo/bor_lex22-fernando02/meririAiado.wav,data/converted_audio/bororo/sd1775410114_2.wav,meriri aiado
tugu02.wav,bororo/bor_lex22-fernando02/tugu02.wav,data/converted_audio/bororo/sd1775410115_1.wav,tugu
tugu02.wav,bororo/bor_lex22-fernando02/tugu02.wav,data/converted_audio/bororo/sd1775410115_2.wav,tugu
eruRekoJi.wav,bororo/bor_lex22-fernando02/eruRekoJi.wav,data/converted_audio/bororo/sd1775410116_1.wav,eru reko ji
eruRekoJi.wav,bororo/bor_lex22-fernando02/eruRekoJi.wav,data/converted_audio/bororo/sd1775410116_2.wav,eru reko ji
merumode.wav,bororo/bor_lex22-fernando02/merumode.wav,data/converted_audio/bororo/sd1775410117_1.wav,merumode
merumode.wav,bororo/bor_lex22-fernando02/merumode.wav,data/converted_audio/bororo/sd1775410117_2.wav,merumode
katiworo.wav,bororo/bor_lex22-fernando02/katiworo.wav,data/converted_audio/bororo/sd1775410118_1.wav,katiworo
katiworo.wav,bororo/bor_lex22-fernando02/katiworo.wav,data/converted_audio/bororo/sd1775410118_2.wav,katiworo
bureado.wav,bororo/bor_lex22-fernando02/bureado.wav,data/converted_audio/bororo/sd1775410119_1.wav,bureado
bureado.wav,bororo/bor_lex22-fernando02/bureado.wav,data/converted_audio/bororo/sd1775410119_2.wav,bureado
metugodu.wav,bororo/bor_lex22-fernando02/metugodu.wav,data/converted_audio/bororo/sd1775410120_1.wav,metugodu
metugodu.wav,bororo/bor_lex22-fernando02/metugodu.wav,data/converted_audio/bororo/sd1775410120_2.wav,metugodu
bokare.wav,bororo/bor_lex11-leonida-IMG_8795/bokare.wav,data/converted_audio/bororo/sd1775410121_1.wav,bokare
bokare.wav,bororo/bor_lex11-leonida-IMG_8795/bokare.wav,data/converted_audio/bororo/sd1775410121_2.wav,bokare
kedureJi.wav,bororo/bor_lex11-leonida-IMG_8795/kedureJi.wav,data/converted_audio/bororo/sd1775410122_1.wav,kedure ji
kedureJi.wav,bororo/bor_lex11-leonida-IMG_8795/kedureJi.wav,data/converted_audio/bororo/sd1775410122_2.wav,kedure ji
ibiado.wav,bororo/bor_lex11-leonida-IMG_8795/ibiado.wav,data/converted_audio/bororo/sd1775410123_1.wav,ibiado
ibiado.wav,bororo/bor_lex11-leonida-IMG_8795/ibiado.wav,data/converted_audio/bororo/sd1775410123_2.wav,ibiado
akirodo.wav,bororo/bor_lex11-leonida-IMG_8795/akirodo.wav,data/converted_audio/bororo/sd1775410124_1.wav,akirodo
akirodo.wav,bororo/bor_lex11-leonida-IMG_8795/akirodo.wav,data/converted_audio/bororo/sd1775410124_2.wav,akirodo
meduia01.wav,bororo/bor_lex08-benito-IMG_8685-DIRTY/meduia01.wav,data/converted_audio/bororo/sd1775410125_1.wav,meduia
meduia01.wav,bororo/bor_lex08-benito-IMG_8685-DIRTY/meduia01.wav,data/converted_audio/bororo/sd1775410125_2.wav,meduia
magakare.wav,bororo/bor_lex08-benito-IMG_8685-DIRTY/magakare.wav,data/converted_audio/bororo/sd1775410126_1.wav,magakare
magakare.wav,bororo/bor_lex08-benito-IMG_8685-DIRTY/magakare.wav,data/converted_audio/bororo/sd1775410126_2.wav,magakare
ruke01.wav,bororo/bor_lex08-benito-IMG_8685-DIRTY/ruke01.wav,data/converted_audio/bororo/sd1775410127_1.wav,ruke
ruke01.wav,bororo/bor_lex08-benito-IMG_8685-DIRTY/ruke01.wav,data/converted_audio/bororo/sd1775410127_2.wav,ruke
makare.wav,bororo/bor_lex08-benito-IMG_8685-DIRTY/makare.wav,data/converted_audio/bororo/sd1775410128_1.wav,makare
makare.wav,bororo/bor_lex08-benito-IMG_8685-DIRTY/makare.wav,data/converted_audio/bororo/sd1775410128_2.wav,makare
paopega.wav,bororo/bor_lex08-benito-IMG_8685-DIRTY/paopega.wav,data/converted_audio/bororo/sd1775410129_1.wav,paopega
paopega.wav,bororo/bor_lex08-benito-IMG_8685-DIRTY/paopega.wav,data/converted_audio/bororo/sd1775410129_2.wav,paopega
kurire02.wav,bororo/bor_lex08-benito-IMG_8685-DIRTY/kurire02.wav,data/converted_audio/bororo/sd1775410130_1.wav,kurire
kurire02.wav,bororo/bor_lex08-benito-IMG_8685-DIRTY/kurire02.wav,data/converted_audio/bororo/sd1775410130_2.wav,kurire
reraKare.wav,bororo/bor_lex08-benito-IMG_8685-DIRTY/reraKare.wav,data/converted_audio/bororo/sd1775410131_1.wav,rera kare
reraKare.wav,bororo/bor_lex08-benito-IMG_8685-DIRTY/reraKare.wav,data/converted_audio/bororo/sd1775410131_2.wav,rera kare
kuieje02.wav,bororo/bor_lex08-benito-IMG_8685-DIRTY/kuieje02.wav,data/converted_audio/bororo/sd1775410132_1.wav,kuieje
kuieje02.wav,bororo/bor_lex08-benito-IMG_8685-DIRTY/kuieje02.wav,data/converted_audio/bororo/sd1775410132_2.wav,kuieje
biorore.wav,bororo/bor_lex08-benito-IMG_8685-DIRTY/biorore.wav,data/converted_audio/bororo/sd1775410133_1.wav,biorore
biorore.wav,bororo/bor_lex08-benito-IMG_8685-DIRTY/biorore.wav,data/converted_audio/bororo/sd1775410133_2.wav,biorore
imedu.wav,bororo/bor_lex08-benito-IMG_8685-DIRTY/imedu.wav,data/converted_audio/bororo/sd1775410134_1.wav,imedu
imedu.wav,bororo/bor_lex08-benito-IMG_8685-DIRTY/imedu.wav,data/converted_audio/bororo/sd1775410134_2.wav,imedu
kore01.wav,bororo/bor_lex08-benito-IMG_8685-DIRTY/kore01.wav,data/converted_audio/bororo/sd1775410135_1.wav,kore
kore01.wav,bororo/bor_lex08-benito-IMG_8685-DIRTY/kore01.wav,data/converted_audio/bororo/sd1775410135_2.wav,kore
mogapega.wav,bororo/bor_lex08-benito-IMG_8685-DIRTY/mogapega.wav,data/converted_audio/bororo/sd1775410136_1.wav,mogapega
mogapega.wav,bororo/bor_lex08-benito-IMG_8685-DIRTY/mogapega.wav,data/converted_audio/bororo/sd1775410136_2.wav,mogapega
korobadure.wav,bororo/bor_lex08-benito-IMG_8685-DIRTY/korobadure.wav,data/converted_audio/bororo/sd1775410137_1.wav,korobadure
korobadure.wav,bororo/bor_lex08-benito-IMG_8685-DIRTY/korobadure.wav,data/converted_audio/bororo/sd1775410137_2.wav,korobadure
ari03.wav,bororo/bor_lex08-benito-IMG_8685-DIRTY/ari03.wav,data/converted_audio/bororo/sd1775410138_1.wav,ari
ari03.wav,bororo/bor_lex08-benito-IMG_8685-DIRTY/ari03.wav,data/converted_audio/bororo/sd1775410138_2.wav,ari
ari02.wav,bororo/bor_lex08-benito-IMG_8685-DIRTY/ari02.wav,data/converted_audio/bororo/sd1775410139_1.wav,ari
ari02.wav,bororo/bor_lex08-benito-IMG_8685-DIRTY/ari02.wav,data/converted_audio/bororo/sd1775410139_2.wav,ari
meri02.wav,bororo/bor_lex08-benito-IMG_8685-DIRTY/meri02.wav,data/converted_audio/bororo/sd1775410140_1.wav,meri
meri02.wav,bororo/bor_lex08-benito-IMG_8685-DIRTY/meri02.wav,data/converted_audio/bororo/sd1775410140_2.wav,meri
imoguroKuru.wav,bororo/bor_lex08-benito-IMG_8685-DIRTY/imoguroKuru.wav,data/converted_audio/bororo/sd1775410141_1.wav,imoguro kuru
imoguroKuru.wav,bororo/bor_lex08-benito-IMG_8685-DIRTY/imoguroKuru.wav,data/converted_audio/bororo/sd1775410141_2.wav,imoguro kuru
turubare.wav,bororo/bor_lex08-benito-IMG_8685-DIRTY/turubare.wav,data/converted_audio/bororo/sd1775410142_1.wav,turubare
turubare.wav,bororo/bor_lex08-benito-IMG_8685-DIRTY/turubare.wav,data/converted_audio/bororo/sd1775410142_2.wav,turubare
boecoje.wav,bororo/bor_lex08-benito-IMG_8685-DIRTY/boecoje.wav,data/converted_audio/bororo/sd1775410143_1.wav,boecoje
boecoje.wav,bororo/bor_lex08-benito-IMG_8685-DIRTY/boecoje.wav,data/converted_audio/bororo/sd1775410143_2.wav,boecoje
baiporo.wav,bororo/bor_lex08-benito-IMG_8685-DIRTY/baiporo.wav,data/converted_audio/bororo/sd1775410144_1.wav,baiporo
baiporo.wav,bororo/bor_lex08-benito-IMG_8685-DIRTY/baiporo.wav,data/converted_audio/bororo/sd1775410144_2.wav,baiporo
ikerako.wav,bororo/bor_lex08-benito-IMG_8685-DIRTY/ikerako.wav,data/converted_audio/bororo/sd1775410145_1.wav,ikerako
ikerako.wav,bororo/bor_lex08-benito-IMG_8685-DIRTY/ikerako.wav,data/converted_audio/bororo/sd1775410145_2.wav,ikerako
oritiginai.wav,bororo/bor_lex08-benito-IMG_8685-DIRTY/oritiginai.wav,data/converted_audio/bororo/sd1775410146_1.wav,oritiginai
oritiginai.wav,bororo/bor_lex08-benito-IMG_8685-DIRTY/oritiginai.wav,data/converted_audio/bororo/sd1775410146_2.wav,oritiginai
pobogo.wav,bororo/bor_lex08-benito-IMG_8685-DIRTY/pobogo.wav,data/converted_audio/bororo/sd1775410147_1.wav,pobogo
pobogo.wav,bororo/bor_lex08-benito-IMG_8685-DIRTY/pobogo.wav,data/converted_audio/bororo/sd1775410147_2.wav,pobogo
joru02.wav,bororo/bor_lex08-benito-IMG_8685-DIRTY/joru02.wav,data/converted_audio/bororo/sd1775410148_1.wav,joru
joru02.wav,bororo/bor_lex08-benito-IMG_8685-DIRTY/joru02.wav,data/converted_audio/bororo/sd1775410148_2.wav,joru
Leonida_joguru.wav,bororo/bor_lex13-leonida-IMG_8798/Leonida_joguru.wav,data/converted_audio/bororo/sd1775410149_1.wav,joguru
Leonida_joguru.wav,bororo/bor_lex13-leonida-IMG_8798/Leonida_joguru.wav,data/converted_audio/bororo/sd1775410149_2.wav,joguru
Leonida_rug01.wav,bororo/bor_lex13-leonida-IMG_8798/Leonida_rug01.wav,data/converted_audio/bororo/sd1775410150_1.wav,rug
Leonida_rug01.wav,bororo/bor_lex13-leonida-IMG_8798/Leonida_rug01.wav,data/converted_audio/bororo/sd1775410150_2.wav,rug
Leonida_rug02.wav,bororo/bor_lex13-leonida-IMG_8798/Leonida_rug02.wav,data/converted_audio/bororo/sd1775410151_1.wav,rug
Leonida_rug02.wav,bororo/bor_lex13-leonida-IMG_8798/Leonida_rug02.wav,data/converted_audio/bororo/sd1775410151_2.wav,rug
Leonida_iemaruwo.wav,bororo/bor_lex13-leonida-IMG_8798/Leonida_iemaruwo.wav,data/converted_audio/bororo/sd1775410152_1.wav,iemaruwo
Leonida_iemaruwo.wav,bororo/bor_lex13-leonida-IMG_8798/Leonida_iemaruwo.wav,data/converted_audio/bororo/sd1775410152_2.wav,iemaruwo
Leonida_toritoji.wav,bororo/bor_lex13-leonida-IMG_8798/Leonida_toritoji.wav,data/converted_audio/bororo/sd1775410153_1.wav,toritoji
Leonida_toritoji.wav,bororo/bor_lex13-leonida-IMG_8798/Leonida_toritoji.wav,data/converted_audio/bororo/sd1775410153_2.wav,toritoji
Leonida_itaoKororogo.wav,bororo/bor_lex13-leonida-IMG_8798/Leonida_itaoKororogo.wav,data/converted_audio/bororo/sd1775410154_1.wav,itao kororogo
Leonida_itaoKororogo.wav,bororo/bor_lex13-leonida-IMG_8798/Leonida_itaoKororogo.wav,data/converted_audio/bororo/sd1775410154_2.wav,itao kororogo
Leonida_ra.wav,bororo/bor_lex13-leonida-IMG_8798/Leonida_ra.wav,data/converted_audio/bororo/sd1775410155_1.wav,ra
Leonida_ra.wav,bororo/bor_lex13-leonida-IMG_8798/Leonida_ra.wav,data/converted_audio/bororo/sd1775410155_2.wav,ra
Leonida_baiOiadadawu.wav,bororo/bor_lex13-leonida-IMG_8798/Leonida_baiOiadadawu.wav,data/converted_audio/bororo/sd1775410156_1.wav,bai oiadadawu
Leonida_baiOiadadawu.wav,bororo/bor_lex13-leonida-IMG_8798/Leonida_baiOiadadawu.wav,data/converted_audio/bororo/sd1775410156_2.wav,bai oiadadawu
Leonida_jetadure.wav,bororo/bor_lex13-leonida-IMG_8798/Leonida_jetadure.wav,data/converted_audio/bororo/sd1775410157_1.wav,jetadure
Leonida_jetadure.wav,bororo/bor_lex13-leonida-IMG_8798/Leonida_jetadure.wav,data/converted_audio/bororo/sd1775410157_2.wav,jetadure
Leonida_ikeraBraredo.wav,bororo/bor_lex13-leonida-IMG_8798/Leonida_ikeraBraredo.wav,data/converted_audio/bororo/sd1775410158_1.wav,ikera braredo
Leonida_ikeraBraredo.wav,bororo/bor_lex13-leonida-IMG_8798/Leonida_ikeraBraredo.wav,data/converted_audio/bororo/sd1775410158_2.wav,ikera braredo
Leonida_okware.wav,bororo/bor_lex13-leonida-IMG_8798/Leonida_okware.wav,data/converted_audio/bororo/sd1775410159_1.wav,okware
Leonida_okware.wav,bororo/bor_lex13-leonida-IMG_8798/Leonida_okware.wav,data/converted_audio/bororo/sd1775410159_2.wav,okware
iage.wav,bororo/bor_lex21-fernando01/iage.wav,data/converted_audio/bororo/sd1775410160_1.wav,iage
iage.wav,bororo/bor_lex21-fernando01/iage.wav,data/converted_audio/bororo/sd1775410160_2.wav,iage
pobo.wav,bororo/bor_lex21-fernando01/pobo.wav,data/converted_audio/bororo/sd1775410161_1.wav,pobo
pobo.wav,bororo/bor_lex21-fernando01/pobo.wav,data/converted_audio/bororo/sd1775410161_2.wav,pobo
obeari.wav,bororo/bor_lex21-fernando01/obeari.wav,data/converted_audio/bororo/sd1775410162_1.wav,obeari
obeari.wav,bororo/bor_lex21-fernando01/obeari.wav,data/converted_audio/bororo/sd1775410162_2.wav,obeari
kurukuru.wav,bororo/bor_lex21-fernando01/kurukuru.wav,data/converted_audio/bororo/sd1775410163_1.wav,kurukuru
kurukuru.wav,bororo/bor_lex21-fernando01/kurukuru.wav,data/converted_audio/bororo/sd1775410163_2.wav,kurukuru
koraido.wav,bororo/bor_lex21-fernando01/koraido.wav,data/converted_audio/bororo/sd1775410164_1.wav,koraido
koraido.wav,bororo/bor_lex21-fernando01/koraido.wav,data/converted_audio/bororo/sd1775410164_2.wav,koraido
maragodu.wav,bororo/bor_lex21-fernando01/maragodu.wav,data/converted_audio/bororo/sd1775410165_1.wav,maragodu
maragodu.wav,bororo/bor_lex21-fernando01/maragodu.wav,data/converted_audio/bororo/sd1775410165_2.wav,maragodu
kamaura02.wav,bororo/bor_lex21-fernando01/kamaura02.wav,data/converted_audio/bororo/sd1775410166_1.wav,kamaura
kamaura02.wav,bororo/bor_lex21-fernando01/kamaura02.wav,data/converted_audio/bororo/sd1775410166_2.wav,kamaura
pobeMeduiaBokware.wav,bororo/bor_lex21-fernando01/pobeMeduiaBokware.wav,data/converted_audio/bororo/sd1775410167_1.wav,pobe meduia bokware
pobeMeduiaBokware.wav,bororo/bor_lex21-fernando01/pobeMeduiaBokware.wav,data/converted_audio/bororo/sd1775410167_2.wav,pobe meduia bokware
amogudoKejeAregodaji.wav,bororo/bor_lex21-fernando01/amogudoKejeAregodaji.wav,data/converted_audio/bororo/sd1775410168_1.wav,amogudo keje aregodaji
amogudoKejeAregodaji.wav,bororo/bor_lex21-fernando01/amogudoKejeAregodaji.wav,data/converted_audio/bororo/sd1775410168_2.wav,amogudo keje aregodaji
unudure.wav,bororo/bor_lex21-fernando01/unudure.wav,data/converted_audio/bororo/sd1775410169_1.wav,unudure
unudure.wav,bororo/bor_lex21-fernando01/unudure.wav,data/converted_audio/bororo/sd1775410169_2.wav,unudure
ekurewu.wav,bororo/bor_lex21-fernando01/ekurewu.wav,data/converted_audio/bororo/sd1775410170_1.wav,ekurewu
ekurewu.wav,bororo/bor_lex21-fernando01/ekurewu.wav,data/converted_audio/bororo/sd1775410170_2.wav,ekurewu
akaimo.wav,bororo/bor_lex21-fernando01/akaimo.wav,data/converted_audio/bororo/sd1775410171_1.wav,akaimo
akaimo.wav,bororo/bor_lex21-fernando01/akaimo.wav,data/converted_audio/bororo/sd1775410171_2.wav,akaimo
uiodo.wav,bororo/bor_lex21-fernando01/uiodo.wav,data/converted_audio/bororo/sd1775410172_1.wav,uiodo
uiodo.wav,bororo/bor_lex21-fernando01/uiodo.wav,data/converted_audio/bororo/sd1775410172_2.wav,uiodo
kuruKururewu.wav,bororo/bor_lex21-fernando01/kuruKururewu.wav,data/converted_audio/bororo/sd1775410173_1.wav,kuru kururewu
kuruKururewu.wav,bororo/bor_lex21-fernando01/kuruKururewu.wav,data/converted_audio/bororo/sd1775410173_2.wav,kuru kururewu
jure.wav,bororo/bor_lex21-fernando01/jure.wav,data/converted_audio/bororo/sd1775410174_1.wav,jure
jure.wav,bororo/bor_lex21-fernando01/jure.wav,data/converted_audio/bororo/sd1775410174_2.wav,jure
boeKeKorire.wav,bororo/bor_lex21-fernando01/boeKeKorire.wav,data/converted_audio/bororo/sd1775410175_1.wav,boe ke korire
boeKeKorire.wav,bororo/bor_lex21-fernando01/boeKeKorire.wav,data/converted_audio/bororo/sd1775410175_2.wav,boe ke korire
baigaIkurewu.wav,bororo/bor_lex21-fernando01/baigaIkurewu.wav,data/converted_audio/bororo/sd1775410176_1.wav,baiga ikurewu
baigaIkurewu.wav,bororo/bor_lex21-fernando01/baigaIkurewu.wav,data/converted_audio/bororo/sd1775410176_2.wav,baiga ikurewu
kaibori.wav,bororo/bor_lex21-fernando01/kaibori.wav,data/converted_audio/bororo/sd1775410177_1.wav,kaibori
kaibori.wav,bororo/bor_lex21-fernando01/kaibori.wav,data/converted_audio/bororo/sd1775410177_2.wav,kaibori
betureboe.wav,bororo/bor_lex21-fernando01/betureboe.wav,data/converted_audio/bororo/sd1775410178_1.wav,betureboe
betureboe.wav,bororo/bor_lex21-fernando01/betureboe.wav,data/converted_audio/bororo/sd1775410178_2.wav,betureboe
atadawuEnorarewu.wav,bororo/bor_lex21-fernando01/atadawuEnorarewu.wav,data/converted_audio/bororo/sd1775410179_1.wav,atadawu enorarewu
atadawuEnorarewu.wav,bororo/bor_lex21-fernando01/atadawuEnorarewu.wav,data/converted_audio/bororo/sd1775410179_2.wav,atadawu enorarewu
kuruguga.wav,bororo/bor_lex21-fernando01/kuruguga.wav,data/converted_audio/bororo/sd1775410180_1.wav,kuruguga
kuruguga.wav,bororo/bor_lex21-fernando01/kuruguga.wav,data/converted_audio/bororo/sd1775410180_2.wav,kuruguga
uiaTuje.wav,bororo/bor_lex21-fernando01/uiaTuje.wav,data/converted_audio/bororo/sd1775410181_1.wav,uia tuje
uiaTuje.wav,bororo/bor_lex21-fernando01/uiaTuje.wav,data/converted_audio/bororo/sd1775410181_2.wav,uia tuje
barogo02.wav,bororo/bor_lex21-fernando01/barogo02.wav,data/converted_audio/bororo/sd1775410182_1.wav,barogo
barogo02.wav,bororo/bor_lex21-fernando01/barogo02.wav,data/converted_audio/bororo/sd1775410182_2.wav,barogo
aroe.wav,bororo/bor_lex21-fernando01/aroe.wav,data/converted_audio/bororo/sd1775410183_1.wav,aroe
aroe.wav,bororo/bor_lex21-fernando01/aroe.wav,data/converted_audio/bororo/sd1775410183_2.wav,aroe
jadrigigodu.wav,bororo/bor_lex21-fernando01/jadrigigodu.wav,data/converted_audio/bororo/sd1775410184_1.wav,jadrigigodu
jadrigigodu.wav,bororo/bor_lex21-fernando01/jadrigigodu.wav,data/converted_audio/bororo/sd1775410184_2.wav,jadrigigodu
paopega.wav,bororo/bor_lex21-fernando01/paopega.wav,data/converted_audio/bororo/sd1775410185_1.wav,paopega
paopega.wav,bororo/bor_lex21-fernando01/paopega.wav,data/converted_audio/bororo/sd1775410185_2.wav,paopega
kwamodu.wav,bororo/bor_lex21-fernando01/kwamodu.wav,data/converted_audio/bororo/sd1775410186_1.wav,kwamodu
kwamodu.wav,bororo/bor_lex21-fernando01/kwamodu.wav,data/converted_audio/bororo/sd1775410186_2.wav,kwamodu
meatoru.wav,bororo/bor_lex21-fernando01/meatoru.wav,data/converted_audio/bororo/sd1775410187_1.wav,meatoru
meatoru.wav,bororo/bor_lex21-fernando01/meatoru.wav,data/converted_audio/bororo/sd1775410187_2.wav,meatoru
jura.wav,bororo/bor_lex21-fernando01/jura.wav,data/converted_audio/bororo/sd1775410188_1.wav,jura
jura.wav,bororo/bor_lex21-fernando01/jura.wav,data/converted_audio/bororo/sd1775410188_2.wav,jura
eru03.wav,bororo/bor_lex21-fernando01/eru03.wav,data/converted_audio/bororo/sd1775410189_1.wav,eru
eru03.wav,bororo/bor_lex21-fernando01/eru03.wav,data/converted_audio/bororo/sd1775410189_2.wav,eru
jemoraiwuKudawu.wav,bororo/bor_lex21-fernando01/jemoraiwuKudawu.wav,data/converted_audio/bororo/sd1775410190_1.wav,jemoraiwu kudawu
jemoraiwuKudawu.wav,bororo/bor_lex21-fernando01/jemoraiwuKudawu.wav,data/converted_audio/bororo/sd1775410190_2.wav,jemoraiwu kudawu
akwarudo.wav,bororo/bor_lex21-fernando01/akwarudo.wav,data/converted_audio/bororo/sd1775410191_1.wav,akwarudo
akwarudo.wav,bororo/bor_lex21-fernando01/akwarudo.wav,data/converted_audio/bororo/sd1775410191_2.wav,akwarudo
marugoduPeguru.wav,bororo/bor_lex21-fernando01/marugoduPeguru.wav,data/converted_audio/bororo/sd1775410192_1.wav,marugodu peguru
marugoduPeguru.wav,bororo/bor_lex21-fernando01/marugoduPeguru.wav,data/converted_audio/bororo/sd1775410192_2.wav,marugodu peguru
bakuru03.wav,bororo/bor_lex21-fernando01/bakuru03.wav,data/converted_audio/bororo/sd1775410193_1.wav,bakuru
bakuru03.wav,bororo/bor_lex21-fernando01/bakuru03.wav,data/converted_audio/bororo/sd1775410193_2.wav,bakuru
akwagedo.wav,bororo/bor_lex21-fernando01/akwagedo.wav,data/converted_audio/bororo/sd1775410194_1.wav,akwagedo
akwagedo.wav,bororo/bor_lex21-fernando01/akwagedo.wav,data/converted_audio/bororo/sd1775410194_2.wav,akwagedo
uru.wav,bororo/bor_lex21-fernando01/uru.wav,data/converted_audio/bororo/sd1775410195_1.wav,uru
uru.wav,bororo/bor_lex21-fernando01/uru.wav,data/converted_audio/bororo/sd1775410195_2.wav,uru
ikodo.wav,bororo/bor_lex21-fernando01/ikodo.wav,data/converted_audio/bororo/sd1775410196_1.wav,ikodo
ikodo.wav,bororo/bor_lex21-fernando01/ikodo.wav,data/converted_audio/bororo/sd1775410196_2.wav,ikodo
amo.wav,bororo/bor_lex21-fernando01/amo.wav,data/converted_audio/bororo/sd1775410197_1.wav,amo
amo.wav,bororo/bor_lex21-fernando01/amo.wav,data/converted_audio/bororo/sd1775410197_2.wav,amo
kuieje03.wav,bororo/bor_lex21-fernando01/kuieje03.wav,data/converted_audio/bororo/sd1775410198_1.wav,kuieje
kuieje03.wav,bororo/bor_lex21-fernando01/kuieje03.wav,data/converted_audio/bororo/sd1775410198_2.wav,kuieje
botudo.wav,bororo/bor_lex21-fernando01/botudo.wav,data/converted_audio/bororo/sd1775410199_1.wav,botudo
botudo.wav,bororo/bor_lex21-fernando01/botudo.wav,data/converted_audio/bororo/sd1775410199_2.wav,botudo
aiagodu.wav,bororo/bor_lex21-fernando01/aiagodu.wav,data/converted_audio/bororo/sd1775410200_1.wav,aiagodu
aiagodu.wav,bororo/bor_lex21-fernando01/aiagodu.wav,data/converted_audio/bororo/sd1775410200_2.wav,aiagodu
uwije_uwijerewu.wav,bororo/bor_lex21-fernando01/uwije_uwijerewu.wav,data/converted_audio/bororo/sd1775410201_1.wav,uwijerewu
uwije_uwijerewu.wav,bororo/bor_lex21-fernando01/uwije_uwijerewu.wav,data/converted_audio/bororo/sd1775410201_2.wav,uwijerewu
amugudoKeje.wav,bororo/bor_lex21-fernando01/amugudoKeje.wav,data/converted_audio/bororo/sd1775410202_1.wav,amugudo keje
amugudoKeje.wav,bororo/bor_lex21-fernando01/amugudoKeje.wav,data/converted_audio/bororo/sd1775410202_2.wav,amugudo keje
rijore.wav,bororo/bor_lex21-fernando01/rijore.wav,data/converted_audio/bororo/sd1775410203_1.wav,rijore
rijore.wav,bororo/bor_lex21-fernando01/rijore.wav,data/converted_audio/bororo/sd1775410203_2.wav,rijore
ikwa.wav,bororo/bor_lex21-fernando01/ikwa.wav,data/converted_audio/bororo/sd1775410204_1.wav,ikwa
ikwa.wav,bororo/bor_lex21-fernando01/ikwa.wav,data/converted_audio/bororo/sd1775410204_2.wav,ikwa
pegado.wav,bororo/bor_lex21-fernando01/pegado.wav,data/converted_audio/bororo/sd1775410205_1.wav,pegado
pegado.wav,bororo/bor_lex21-fernando01/pegado.wav,data/converted_audio/bororo/sd1775410205_2.wav,pegado
ukwa02.wav,bororo/bor_lex21-fernando01/ukwa02.wav,data/converted_audio/bororo/sd1775410206_1.wav,ukwa
ukwa02.wav,bororo/bor_lex21-fernando01/ukwa02.wav,data/converted_audio/bororo/sd1775410206_2.wav,ukwa
kwatoru.wav,bororo/bor_lex21-fernando01/kwatoru.wav,data/converted_audio/bororo/sd1775410207_1.wav,kwatoru
kwatoru.wav,bororo/bor_lex21-fernando01/kwatoru.wav,data/converted_audio/bororo/sd1775410207_2.wav,kwatoru
akimegido.wav,bororo/bor_lex21-fernando01/akimegido.wav,data/converted_audio/bororo/sd1775410208_1.wav,akimegido
akimegido.wav,bororo/bor_lex21-fernando01/akimegido.wav,data/converted_audio/bororo/sd1775410208_2.wav,akimegido
awo02.wav,bororo/bor_lex21-fernando01/awo02.wav,data/converted_audio/bororo/sd1775410209_1.wav,awo
awo02.wav,bororo/bor_lex21-fernando01/awo02.wav,data/converted_audio/bororo/sd1775410209_2.wav,awo
jokuru.wav,bororo/bor_lex21-fernando01/jokuru.wav,data/converted_audio/bororo/sd1775410210_1.wav,jokuru
jokuru.wav,bororo/bor_lex21-fernando01/jokuru.wav,data/converted_audio/bororo/sd1775410210_2.wav,jokuru
jokuPega.wav,bororo/bor_lex21-fernando01/jokuPega.wav,data/converted_audio/bororo/sd1775410211_1.wav,joku pega
jokuPega.wav,bororo/bor_lex21-fernando01/jokuPega.wav,data/converted_audio/bororo/sd1775410211_2.wav,joku pega
iwogu.wav,bororo/bor_lex21-fernando01/iwogu.wav,data/converted_audio/bororo/sd1775410212_1.wav,iwogu
iwogu.wav,bororo/bor_lex21-fernando01/iwogu.wav,data/converted_audio/bororo/sd1775410212_2.wav,iwogu
ukwa01.wav,bororo/bor_lex21-fernando01/ukwa01.wav,data/converted_audio/bororo/sd1775410213_1.wav,ukwa
ukwa01.wav,bororo/bor_lex21-fernando01/ukwa01.wav,data/converted_audio/bororo/sd1775410213_2.wav,ukwa
rijoRai.wav,bororo/bor_lex21-fernando01/rijoRai.wav,data/converted_audio/bororo/sd1775410214_1.wav,rijo rai
rijoRai.wav,bororo/bor_lex21-fernando01/rijoRai.wav,data/converted_audio/bororo/sd1775410214_2.wav,rijo rai
ikaMeriri.wav,bororo/bor_lex21-fernando01/ikaMeriri.wav,data/converted_audio/bororo/sd1775410215_1.wav,ika meriri
ikaMeriri.wav,bororo/bor_lex21-fernando01/ikaMeriri.wav,data/converted_audio/bororo/sd1775410215_2.wav,ika meriri
boeto.wav,bororo/bor_lex21-fernando01/boeto.wav,data/converted_audio/bororo/sd1775410216_1.wav,boeto
boeto.wav,bororo/bor_lex21-fernando01/boeto.wav,data/converted_audio/bororo/sd1775410216_2.wav,boeto
apakodu.wav,bororo/bor_lex21-fernando01/apakodu.wav,data/converted_audio/bororo/sd1775410217_1.wav,apakodu
apakodu.wav,bororo/bor_lex21-fernando01/apakodu.wav,data/converted_audio/bororo/sd1775410217_2.wav,apakodu
kanaUtagara.wav,bororo/bor_lex21-fernando01/kanaUtagara.wav,data/converted_audio/bororo/sd1775410218_1.wav,kana utagara
kanaUtagara.wav,bororo/bor_lex21-fernando01/kanaUtagara.wav,data/converted_audio/bororo/sd1775410218_2.wav,kana utagara
kodiba02.wav,bororo/bor_lex21-fernando01/kodiba02.wav,data/converted_audio/bororo/sd1775410219_1.wav,kodiba
kodiba02.wav,bororo/bor_lex21-fernando01/kodiba02.wav,data/converted_audio/bororo/sd1775410219_2.wav,kodiba
pegagodu.wav,bororo/bor_lex21-fernando01/pegagodu.wav,data/converted_audio/bororo/sd1775410220_1.wav,pegagodu
pegagodu.wav,bororo/bor_lex21-fernando01/pegagodu.wav,data/converted_audio/bororo/sd1775410220_2.wav,pegagodu
kuruga.wav,bororo/bor_lex21-fernando01/kuruga.wav,data/converted_audio/bororo/sd1775410221_1.wav,kuruga
kuruga.wav,bororo/bor_lex21-fernando01/kuruga.wav,data/converted_audio/bororo/sd1775410221_2.wav,kuruga
iguru.wav,bororo/bor_lex21-fernando01/iguru.wav,data/converted_audio/bororo/sd1775410222_1.wav,iguru
iguru.wav,bororo/bor_lex21-fernando01/iguru.wav,data/converted_audio/bororo/sd1775410222_2.wav,iguru
buJoruAoji.wav,bororo/bor_lex21-fernando01/buJoruAoji.wav,data/converted_audio/bororo/sd1775410223_1.wav,bu joru aoji
buJoruAoji.wav,bororo/bor_lex21-fernando01/buJoruAoji.wav,data/converted_audio/bororo/sd1775410223_2.wav,bu joru aoji
kobokwa.wav,bororo/bor_lex21-fernando01/kobokwa.wav,data/converted_audio/bororo/sd1775410224_1.wav,kobokwa
kobokwa.wav,bororo/bor_lex21-fernando01/kobokwa.wav,data/converted_audio/bororo/sd1775410224_2.wav,kobokwa
bo.wav,bororo/bor_lex21-fernando01/bo.wav,data/converted_audio/bororo/sd1775410225_1.wav,bo
bo.wav,bororo/bor_lex21-fernando01/bo.wav,data/converted_audio/bororo/sd1775410225_2.wav,bo
iworewu.wav,bororo/bor_lex21-fernando01/iworewu.wav,data/converted_audio/bororo/sd1775410226_1.wav,iworewu
iworewu.wav,bororo/bor_lex21-fernando01/iworewu.wav,data/converted_audio/bororo/sd1775410226_2.wav,iworewu
paneraIkurewu.wav,bororo/bor_lex21-fernando01/paneraIkurewu.wav,data/converted_audio/bororo/sd1775410227_1.wav,panera ikurewu
paneraIkurewu.wav,bororo/bor_lex21-fernando01/paneraIkurewu.wav,data/converted_audio/bororo/sd1775410227_2.wav,panera ikurewu
mori.wav,bororo/bor_lex21-fernando01/mori.wav,data/converted_audio/bororo/sd1775410228_1.wav,mori
mori.wav,bororo/bor_lex21-fernando01/mori.wav,data/converted_audio/bororo/sd1775410228_2.wav,mori
itugodu.wav,bororo/bor_lex21-fernando01/itugodu.wav,data/converted_audio/bororo/sd1775410229_1.wav,itugodu
itugodu.wav,bororo/bor_lex21-fernando01/itugodu.wav,data/converted_audio/bororo/sd1775410229_2.wav,itugodu
maragodae.wav,bororo/bor_lex21-fernando01/maragodae.wav,data/converted_audio/bororo/sd1775410230_1.wav,maragodae
maragodae.wav,bororo/bor_lex21-fernando01/maragodae.wav,data/converted_audio/bororo/sd1775410230_2.wav,maragodae
kamorewu.wav,bororo/bor_lex21-fernando01/kamorewu.wav,data/converted_audio/bororo/sd1775410231_1.wav,kamorewu
kamorewu.wav,bororo/bor_lex21-fernando01/kamorewu.wav,data/converted_audio/bororo/sd1775410231_2.wav,kamorewu
aro.wav,bororo/bor_lex21-fernando01/aro.wav,data/converted_audio/bororo/sd1775410232_1.wav,aro
aro.wav,bororo/bor_lex21-fernando01/aro.wav,data/converted_audio/bororo/sd1775410232_2.wav,aro
tubugodaoJodo.wav,bororo/bor_lex21-fernando01/tubugodaoJodo.wav,data/converted_audio/bororo/sd1775410233_1.wav,tubugodao jodo
tubugodaoJodo.wav,bororo/bor_lex21-fernando01/tubugodaoJodo.wav,data/converted_audio/bororo/sd1775410233_2.wav,tubugodao jodo
buporira.wav,bororo/bor_lex21-fernando01/buporira.wav,data/converted_audio/bororo/sd1775410234_1.wav,buporira
buporira.wav,bororo/bor_lex21-fernando01/buporira.wav,data/converted_audio/bororo/sd1775410234_2.wav,buporira
o04.wav,bororo/bor_lex21-fernando01/o04.wav,data/converted_audio/bororo/sd1775410235_1.wav,o
o04.wav,bororo/bor_lex21-fernando01/o04.wav,data/converted_audio/bororo/sd1775410235_2.wav,o
kore03.wav,bororo/bor_lex21-fernando01/kore03.wav,data/converted_audio/bororo/sd1775410236_1.wav,kore
kore03.wav,bororo/bor_lex21-fernando01/kore03.wav,data/converted_audio/bororo/sd1775410236_2.wav,kore
boeKori.wav,bororo/bor_lex21-fernando01/boeKori.wav,data/converted_audio/bororo/sd1775410237_1.wav,boe kori
boeKori.wav,bororo/bor_lex21-fernando01/boeKori.wav,data/converted_audio/bororo/sd1775410237_2.wav,boe kori
i02.wav,bororo/bor_lex21-fernando01/i02.wav,data/converted_audio/bororo/sd1775410238_1.wav,i
i02.wav,bororo/bor_lex21-fernando01/i02.wav,data/converted_audio/bororo/sd1775410238_2.wav,i
buwodo.wav,bororo/bor_lex21-fernando01/buwodo.wav,data/converted_audio/bororo/sd1775410239_1.wav,buwodo
buwodo.wav,bororo/bor_lex21-fernando01/buwodo.wav,data/converted_audio/bororo/sd1775410239_2.wav,buwodo
kuri.wav,bororo/bor_lex21-fernando01/kuri.wav,data/converted_audio/bororo/sd1775410240_1.wav,kuri
kuri.wav,bororo/bor_lex21-fernando01/kuri.wav,data/converted_audio/bororo/sd1775410240_2.wav,kuri
ieraBowa.wav,bororo/bor_lex21-fernando01/ieraBowa.wav,data/converted_audio/bororo/sd1775410241_1.wav,iera bowa
ieraBowa.wav,bororo/bor_lex21-fernando01/ieraBowa.wav,data/converted_audio/bororo/sd1775410241_2.wav,iera bowa
awara.wav,bororo/bor_lex21-fernando01/awara.wav,data/converted_audio/bororo/sd1775410242_1.wav,awara
awara.wav,bororo/bor_lex21-fernando01/awara.wav,data/converted_audio/bororo/sd1775410242_2.wav,awara
torigodu.wav,bororo/bor_lex21-fernando01/torigodu.wav,data/converted_audio/bororo/sd1775410243_1.wav,torigodu
torigodu.wav,bororo/bor_lex21-fernando01/torigodu.wav,data/converted_audio/bororo/sd1775410243_2.wav,torigodu
butugugodu.wav,bororo/bor_lex21-fernando01/butugugodu.wav,data/converted_audio/bororo/sd1775410244_1.wav,butugugodu
butugugodu.wav,bororo/bor_lex21-fernando01/butugugodu.wav,data/converted_audio/bororo/sd1775410244_2.wav,butugugodu
ba.wav,bororo/bor_lex21-fernando01/ba.wav,data/converted_audio/bororo/sd1775410245_1.wav,ba
ba.wav,bororo/bor_lex21-fernando01/ba.wav,data/converted_audio/bororo/sd1775410245_2.wav,ba
pegore.wav,bororo/bor_lex21-fernando01/pegore.wav,data/converted_audio/bororo/sd1775410246_1.wav,pegore
pegore.wav,bororo/bor_lex21-fernando01/pegore.wav,data/converted_audio/bororo/sd1775410246_2.wav,pegore
ierakoTadawu.wav,bororo/bor_lex21-fernando01/ierakoTadawu.wav,data/converted_audio/bororo/sd1775410247_1.wav,ierako tadawu
ierakoTadawu.wav,bororo/bor_lex21-fernando01/ierakoTadawu.wav,data/converted_audio/bororo/sd1775410247_2.wav,ierako tadawu
akojado.wav,bororo/bor_lex21-fernando01/akojado.wav,data/converted_audio/bororo/sd1775410248_1.wav,akojado
akojado.wav,bororo/bor_lex21-fernando01/akojado.wav,data/converted_audio/bororo/sd1775410248_2.wav,akojado
ikurudu.wav,bororo/bor_lex21-fernando01/ikurudu.wav,data/converted_audio/bororo/sd1775410249_1.wav,ikurudu
ikurudu.wav,bororo/bor_lex21-fernando01/ikurudu.wav,data/converted_audio/bororo/sd1775410249_2.wav,ikurudu
bokigu.wav,bororo/bor_lex21-fernando01/bokigu.wav,data/converted_audio/bororo/sd1775410250_1.wav,bokigu
bokigu.wav,bororo/bor_lex21-fernando01/bokigu.wav,data/converted_audio/bororo/sd1775410250_2.wav,bokigu
meri04.wav,bororo/bor_lex21-fernando01/meri04.wav,data/converted_audio/bororo/sd1775410251_1.wav,meri
meri04.wav,bororo/bor_lex21-fernando01/meri04.wav,data/converted_audio/bororo/sd1775410251_2.wav,meri
jugorewu.wav,bororo/bor_lex21-fernando01/jugorewu.wav,data/converted_audio/bororo/sd1775410252_1.wav,jugorewu
jugorewu.wav,bororo/bor_lex21-fernando01/jugorewu.wav,data/converted_audio/bororo/sd1775410252_2.wav,jugorewu
jado.wav,bororo/bor_lex21-fernando01/jado.wav,data/converted_audio/bororo/sd1775410253_1.wav,jado
jado.wav,bororo/bor_lex21-fernando01/jado.wav,data/converted_audio/bororo/sd1775410253_2.wav,jado
awagu02.wav,bororo/bor_lex21-fernando01/awagu02.wav,data/converted_audio/bororo/sd1775410254_1.wav,awagu
awagu02.wav,bororo/bor_lex21-fernando01/awagu02.wav,data/converted_audio/bororo/sd1775410254_2.wav,awagu
kubori.wav,bororo/bor_lex21-fernando01/kubori.wav,data/converted_audio/bororo/sd1775410255_1.wav,kubori
kubori.wav,bororo/bor_lex21-fernando01/kubori.wav,data/converted_audio/bororo/sd1775410255_2.wav,kubori
rere.wav,bororo/bor_lex21-fernando01/rere.wav,data/converted_audio/bororo/sd1775410256_1.wav,rere
rere.wav,bororo/bor_lex21-fernando01/rere.wav,data/converted_audio/bororo/sd1775410256_2.wav,rere
merido.wav,bororo/bor_lex21-fernando01/merido.wav,data/converted_audio/bororo/sd1775410257_1.wav,merido
merido.wav,bororo/bor_lex21-fernando01/merido.wav,data/converted_audio/bororo/sd1775410257_2.wav,merido
jetadu.wav,bororo/bor_lex21-fernando01/jetadu.wav,data/converted_audio/bororo/sd1775410258_1.wav,jetadu
jetadu.wav,bororo/bor_lex21-fernando01/jetadu.wav,data/converted_audio/bororo/sd1775410258_2.wav,jetadu
uragodu.wav,bororo/bor_lex21-fernando01/uragodu.wav,data/converted_audio/bororo/sd1775410259_1.wav,uragodu
uragodu.wav,bororo/bor_lex21-fernando01/uragodu.wav,data/converted_audio/bororo/sd1775410259_2.wav,uragodu
jekeKejewu.wav,bororo/bor_lex21-fernando01/jekeKejewu.wav,data/converted_audio/bororo/sd1775410260_1.wav,jeke kejewu
jekeKejewu.wav,bororo/bor_lex21-fernando01/jekeKejewu.wav,data/converted_audio/bororo/sd1775410260_2.wav,jeke kejewu
baiBaru.wav,bororo/bor_lex21-fernando01/baiBaru.wav,data/converted_audio/bororo/sd1775410261_1.wav,bai baru
baiBaru.wav,bororo/bor_lex21-fernando01/baiBaru.wav,data/converted_audio/bororo/sd1775410261_2.wav,bai baru
pagodu.wav,bororo/bor_lex21-fernando01/pagodu.wav,data/converted_audio/bororo/sd1775410262_1.wav,pagodu
pagodu.wav,bororo/bor_lex21-fernando01/pagodu.wav,data/converted_audio/bororo/sd1775410262_2.wav,pagodu
tubuJodo.wav,bororo/bor_lex21-fernando01/tubuJodo.wav,data/converted_audio/bororo/sd1775410263_1.wav,tubu jodo
tubuJodo.wav,bororo/bor_lex21-fernando01/tubuJodo.wav,data/converted_audio/bororo/sd1775410263_2.wav,tubu jodo
kugudugodu.wav,bororo/bor_lex21-fernando01/kugudugodu.wav,data/converted_audio/bororo/sd1775410264_1.wav,kugudugodu
kugudugodu.wav,bororo/bor_lex21-fernando01/kugudugodu.wav,data/converted_audio/bororo/sd1775410264_2.wav,kugudugodu
mekiwu.wav,bororo/bor_lex21-fernando01/mekiwu.wav,data/converted_audio/bororo/sd1775410265_1.wav,mekiwu
mekiwu.wav,bororo/bor_lex21-fernando01/mekiwu.wav,data/converted_audio/bororo/sd1775410265_2.wav,mekiwu
moribokwa.wav,bororo/bor_lex21-fernando01/moribokwa.wav,data/converted_audio/bororo/sd1775410266_1.wav,moribokwa
moribokwa.wav,bororo/bor_lex21-fernando01/moribokwa.wav,data/converted_audio/bororo/sd1775410266_2.wav,moribokwa
bari02.wav,bororo/bor_lex21-fernando01/bari02.wav,data/converted_audio/bororo/sd1775410267_1.wav,bari
bari02.wav,bororo/bor_lex21-fernando01/bari02.wav,data/converted_audio/bororo/sd1775410267_2.wav,bari
kana02.wav,bororo/bor_lex21-fernando01/kana02.wav,data/converted_audio/bororo/sd1775410268_1.wav,kana
kana02.wav,bororo/bor_lex21-fernando01/kana02.wav,data/converted_audio/bororo/sd1775410268_2.wav,kana
aroiaJoku.wav,bororo/bor_lex21-fernando01/aroiaJoku.wav,data/converted_audio/bororo/sd1775410269_1.wav,aroia joku
aroiaJoku.wav,bororo/bor_lex21-fernando01/aroiaJoku.wav,data/converted_audio/bororo/sd1775410269_2.wav,aroia joku
aio.wav,bororo/bor_lex21-fernando01/aio.wav,data/converted_audio/bororo/sd1775410270_1.wav,aio
aio.wav,bororo/bor_lex21-fernando01/aio.wav,data/converted_audio/bororo/sd1775410270_2.wav,aio
akobiagado.wav,bororo/bor_lex21-fernando01/akobiagado.wav,data/converted_audio/bororo/sd1775410271_1.wav,akobiagado
akobiagado.wav,bororo/bor_lex21-fernando01/akobiagado.wav,data/converted_audio/bororo/sd1775410271_2.wav,akobiagado
kudawo.wav,bororo/bor_lex21-fernando01/kudawo.wav,data/converted_audio/bororo/sd1775410272_1.wav,kudawo
kudawo.wav,bororo/bor_lex21-fernando01/kudawo.wav,data/converted_audio/bororo/sd1775410272_2.wav,kudawo
meririToPuiPagatuje.wav,bororo/bor_lex21-fernando01/meririToPuiPagatuje.wav,data/converted_audio/bororo/sd1775410273_1.wav,meriri to pui pagatuje
meririToPuiPagatuje.wav,bororo/bor_lex21-fernando01/meririToPuiPagatuje.wav,data/converted_audio/bororo/sd1775410273_2.wav,meriri to pui pagatuje
kaworurewu.wav,bororo/bor_lex21-fernando01/kaworurewu.wav,data/converted_audio/bororo/sd1775410274_1.wav,kaworurewu
kaworurewu.wav,bororo/bor_lex21-fernando01/kaworurewu.wav,data/converted_audio/bororo/sd1775410274_2.wav,kaworurewu
boeMuga.wav,bororo/bor_lex21-fernando01/boeMuga.wav,data/converted_audio/bororo/sd1775410275_1.wav,boe muga
boeMuga.wav,bororo/bor_lex21-fernando01/boeMuga.wav,data/converted_audio/bororo/sd1775410275_2.wav,boe muga
kigadu.wav,bororo/bor_lex21-fernando01/kigadu.wav,data/converted_audio/bororo/sd1775410276_1.wav,kigadu
kigadu.wav,bororo/bor_lex21-fernando01/kigadu.wav,data/converted_audio/bororo/sd1775410276_2.wav,kigadu
bakaiga02.wav,bororo/bor_lex21-fernando01/bakaiga02.wav,data/converted_audio/bororo/sd1775410277_1.wav,bakaiga
bakaiga02.wav,bororo/bor_lex21-fernando01/bakaiga02.wav,data/converted_audio/bororo/sd1775410277_2.wav,bakaiga
kugaru03.wav,bororo/bor_lex21-fernando01/kugaru03.wav,data/converted_audio/bororo/sd1775410278_1.wav,kugaru
kugaru03.wav,bororo/bor_lex21-fernando01/kugaru03.wav,data/converted_audio/bororo/sd1775410278_2.wav,kugaru
merire.wav,bororo/bor_lex21-fernando01/merire.wav,data/converted_audio/bororo/sd1775410279_1.wav,merire
merire.wav,bororo/bor_lex21-fernando01/merire.wav,data/converted_audio/bororo/sd1775410279_2.wav,merire
jekodu.wav,bororo/bor_lex21-fernando01/jekodu.wav,data/converted_audio/bororo/sd1775410280_1.wav,jekodu
jekodu.wav,bororo/bor_lex21-fernando01/jekodu.wav,data/converted_audio/bororo/sd1775410280_2.wav,jekodu
uwe.wav,bororo/bor_lex21-fernando01/uwe.wav,data/converted_audio/bororo/sd1775410281_1.wav,uwe
uwe.wav,bororo/bor_lex21-fernando01/uwe.wav,data/converted_audio/bororo/sd1775410281_2.wav,uwe
takorewu.wav,bororo/bor_lex21-fernando01/takorewu.wav,data/converted_audio/bororo/sd1775410282_1.wav,takorewu
takorewu.wav,bororo/bor_lex21-fernando01/takorewu.wav,data/converted_audio/bororo/sd1775410282_2.wav,takorewu
maguru.wav,bororo/bor_lex21-fernando01/maguru.wav,data/converted_audio/bororo/sd1775410283_1.wav,maguru
maguru.wav,bororo/bor_lex21-fernando01/maguru.wav,data/converted_audio/bororo/sd1775410283_2.wav,maguru
aroeMugudodu.wav,bororo/bor_lex21-fernando01/aroeMugudodu.wav,data/converted_audio/bororo/sd1775410284_1.wav,aroe mugudodu
aroeMugudodu.wav,bororo/bor_lex21-fernando01/aroeMugudodu.wav,data/converted_audio/bororo/sd1775410284_2.wav,aroe mugudodu
iro.wav,bororo/bor_lex21-fernando01/iro.wav,data/converted_audio/bororo/sd1775410285_1.wav,iro
iro.wav,bororo/bor_lex21-fernando01/iro.wav,data/converted_audio/bororo/sd1775410285_2.wav,iro
guboro.wav,bororo/bor_lex21-fernando01/guboro.wav,data/converted_audio/bororo/sd1775410286_1.wav,guboro
guboro.wav,bororo/bor_lex21-fernando01/guboro.wav,data/converted_audio/bororo/sd1775410286_2.wav,guboro
baroguato02.wav,bororo/bor_lex21-fernando01/baroguato02.wav,data/converted_audio/bororo/sd1775410287_1.wav,baroguato
baroguato02.wav,bororo/bor_lex21-fernando01/baroguato02.wav,data/converted_audio/bororo/sd1775410287_2.wav,baroguato
uporire.wav,bororo/bor_lex21-fernando01/uporire.wav,data/converted_audio/bororo/sd1775410288_1.wav,uporire
uporire.wav,bororo/bor_lex21-fernando01/uporire.wav,data/converted_audio/bororo/sd1775410288_2.wav,uporire
merure.wav,bororo/bor_lex21-fernando01/merure.wav,data/converted_audio/bororo/sd1775410289_1.wav,merure
merure.wav,bororo/bor_lex21-fernando01/merure.wav,data/converted_audio/bororo/sd1775410289_2.wav,merure
ioruduba.wav,bororo/bor_lex21-fernando01/ioruduba.wav,data/converted_audio/bororo/sd1775410290_1.wav,ioruduba
ioruduba.wav,bororo/bor_lex21-fernando01/ioruduba.wav,data/converted_audio/bororo/sd1775410290_2.wav,ioruduba
tuguwododu.wav,bororo/bor_lex21-fernando01/tuguwododu.wav,data/converted_audio/bororo/sd1775410291_1.wav,tuguwododu
tuguwododu.wav,bororo/bor_lex21-fernando01/tuguwododu.wav,data/converted_audio/bororo/sd1775410291_2.wav,tuguwododu
pobe.wav,bororo/bor_lex21-fernando01/pobe.wav,data/converted_audio/bororo/sd1775410292_1.wav,pobe
pobe.wav,bororo/bor_lex21-fernando01/pobe.wav,data/converted_audio/bororo/sd1775410292_2.wav,pobe
aroeButu.wav,bororo/bor_lex21-fernando01/aroeButu.wav,data/converted_audio/bororo/sd1775410293_1.wav,aroe butu
aroeButu.wav,bororo/bor_lex21-fernando01/aroeButu.wav,data/converted_audio/bororo/sd1775410293_2.wav,aroe butu
atu.wav,bororo/bor_lex21-fernando01/atu.wav,data/converted_audio/bororo/sd1775410294_1.wav,atu
atu.wav,bororo/bor_lex21-fernando01/atu.wav,data/converted_audio/bororo/sd1775410294_2.wav,atu
awuji.wav,bororo/bor_lex21-fernando01/awuji.wav,data/converted_audio/bororo/sd1775410295_1.wav,awuji
awuji.wav,bororo/bor_lex21-fernando01/awuji.wav,data/converted_audio/bororo/sd1775410295_2.wav,awuji
pirogu.wav,bororo/bor_lex21-fernando01/pirogu.wav,data/converted_audio/bororo/sd1775410296_1.wav,pirogu
pirogu.wav,bororo/bor_lex21-fernando01/pirogu.wav,data/converted_audio/bororo/sd1775410296_2.wav,pirogu
pagudure.wav,bororo/bor_lex21-fernando01/pagudure.wav,data/converted_audio/bororo/sd1775410297_1.wav,pagudure
pagudure.wav,bororo/bor_lex21-fernando01/pagudure.wav,data/converted_audio/bororo/sd1775410297_2.wav,pagudure
jaragwa.wav,bororo/bor_lex21-fernando01/jaragwa.wav,data/converted_audio/bororo/sd1775410298_1.wav,jaragwa
jaragwa.wav,bororo/bor_lex21-fernando01/jaragwa.wav,data/converted_audio/bororo/sd1775410298_2.wav,jaragwa
urotu.wav,bororo/bor_lex21-fernando01/urotu.wav,data/converted_audio/bororo/sd1775410299_1.wav,urotu
urotu.wav,bororo/bor_lex21-fernando01/urotu.wav,data/converted_audio/bororo/sd1775410299_2.wav,urotu
kuripodo.wav,bororo/bor_lex21-fernando01/kuripodo.wav,data/converted_audio/bororo/sd1775410300_1.wav,kuripodo
kuripodo.wav,bororo/bor_lex21-fernando01/kuripodo.wav,data/converted_audio/bororo/sd1775410300_2.wav,kuripodo
barigu02.wav,bororo/bor_lex21-fernando01/barigu02.wav,data/converted_audio/bororo/sd1775410301_1.wav,barigu
barigu02.wav,bororo/bor_lex21-fernando01/barigu02.wav,data/converted_audio/bororo/sd1775410301_2.wav,barigu
pajepega.wav,bororo/bor_lex21-fernando01/pajepega.wav,data/converted_audio/bororo/sd1775410302_1.wav,pajepega
pajepega.wav,bororo/bor_lex21-fernando01/pajepega.wav,data/converted_audio/bororo/sd1775410302_2.wav,pajepega
jobugiwo.wav,bororo/bor_lex21-fernando01/jobugiwo.wav,data/converted_audio/bororo/sd1775410303_1.wav,jobugiwo
jobugiwo.wav,bororo/bor_lex21-fernando01/jobugiwo.wav,data/converted_audio/bororo/sd1775410303_2.wav,jobugiwo
bowuje02.wav,bororo/bor_lex21-fernando01/bowuje02.wav,data/converted_audio/bororo/sd1775410304_1.wav,bowuje
bowuje02.wav,bororo/bor_lex21-fernando01/bowuje02.wav,data/converted_audio/bororo/sd1775410304_2.wav,bowuje
jawuji02.wav,bororo/bor_lex21-fernando01/jawuji02.wav,data/converted_audio/bororo/sd1775410305_1.wav,jawuji
jawuji02.wav,bororo/bor_lex21-fernando01/jawuji02.wav,data/converted_audio/bororo/sd1775410305_2.wav,jawuji
kagarigaImedu.wav,bororo/bor_lex21-fernando01/kagarigaImedu.wav,data/converted_audio/bororo/sd1775410306_1.wav,kagariga imedu
kagarigaImedu.wav,bororo/bor_lex21-fernando01/kagarigaImedu.wav,data/converted_audio/bororo/sd1775410306_2.wav,kagariga imedu
toPui.wav,bororo/bor_lex21-fernando01/toPui.wav,data/converted_audio/bororo/sd1775410307_1.wav,to pui
toPui.wav,bororo/bor_lex21-fernando01/toPui.wav,data/converted_audio/bororo/sd1775410307_2.wav,to pui
burewu.wav,bororo/bor_lex21-fernando01/burewu.wav,data/converted_audio/bororo/sd1775410308_1.wav,burewu
burewu.wav,bororo/bor_lex21-fernando01/burewu.wav,data/converted_audio/bororo/sd1775410308_2.wav,burewu
aiwore.wav,bororo/bor_lex21-fernando01/aiwore.wav,data/converted_audio/bororo/sd1775410309_1.wav,aiwore
aiwore.wav,bororo/bor_lex21-fernando01/aiwore.wav,data/converted_audio/bororo/sd1775410309_2.wav,aiwore
jeredudu02.wav,bororo/bor_lex21-fernando01/jeredudu02.wav,data/converted_audio/bororo/sd1775410310_1.wav,jeredudu
jeredudu02.wav,bororo/bor_lex21-fernando01/jeredudu02.wav,data/converted_audio/bororo/sd1775410310_2.wav,jeredudu
joru03.wav,bororo/bor_lex21-fernando01/joru03.wav,data/converted_audio/bororo/sd1775410311_1.wav,joru
joru03.wav,bororo/bor_lex21-fernando01/joru03.wav,data/converted_audio/bororo/sd1775410311_2.wav,joru
ia.wav,bororo/bor_lex21-fernando01/ia.wav,data/converted_audio/bororo/sd1775410312_1.wav,ia
ia.wav,bororo/bor_lex21-fernando01/ia.wav,data/converted_audio/bororo/sd1775410312_2.wav,ia
tugu01.wav,bororo/bor_lex21-fernando01/tugu01.wav,data/converted_audio/bororo/sd1775410313_1.wav,tugu
tugu01.wav,bororo/bor_lex21-fernando01/tugu01.wav,data/converted_audio/bororo/sd1775410313_2.wav,tugu
kogodu.wav,bororo/bor_lex21-fernando01/kogodu.wav,data/converted_audio/bororo/sd1775410314_1.wav,kogodu
kogodu.wav,bororo/bor_lex21-fernando01/kogodu.wav,data/converted_audio/bororo/sd1775410314_2.wav,kogodu
nodu.wav,bororo/bor_lex21-fernando01/nodu.wav,data/converted_audio/bororo/sd1775410315_1.wav,nodu
nodu.wav,bororo/bor_lex21-fernando01/nodu.wav,data/converted_audio/bororo/sd1775410315_2.wav,nodu
Leonida_amirewu.wav,bororo/bor_lex04-leonida-IMG_0689/Leonida_amirewu.wav,data/converted_audio/bororo/sd1775410316_1.wav,amirewu
Leonida_amirewu.wav,bororo/bor_lex04-leonida-IMG_0689/Leonida_amirewu.wav,data/converted_audio/bororo/sd1775410316_2.wav,amirewu
Leonida_madiTadamoAi.wav,bororo/bor_lex17-leonida-IMG_8802/Leonida_madiTadamoAi.wav,data/converted_audio/bororo/sd1775410317_1.wav,madi tadamo ai
Leonida_madiTadamoAi.wav,bororo/bor_lex17-leonida-IMG_8802/Leonida_madiTadamoAi.wav,data/converted_audio/bororo/sd1775410317_2.wav,madi tadamo ai
Leonida_noditaredo.wav,bororo/bor_lex17-leonida-IMG_8802/Leonida_noditaredo.wav,data/converted_audio/bororo/sd1775410318_1.wav,noditaredo
Leonida_noditaredo.wav,bororo/bor_lex17-leonida-IMG_8802/Leonida_noditaredo.wav,data/converted_audio/bororo/sd1775410318_2.wav,noditaredo
Leonida_braeEnoMoto.wav,bororo/bor_lex15-leonida-IMG_8800/Leonida_braeEnoMoto.wav,data/converted_audio/bororo/sd1775410319_1.wav,brae eno moto
Leonida_braeEnoMoto.wav,bororo/bor_lex15-leonida-IMG_8800/Leonida_braeEnoMoto.wav,data/converted_audio/bororo/sd1775410319_2.wav,brae eno moto
Leonida_inoredumodeTabo.wav,bororo/bor_lex15-leonida-IMG_8800/Leonida_inoredumodeTabo.wav,data/converted_audio/bororo/sd1775410320_1.wav,inoredumode tabo
Leonida_inoredumodeTabo.wav,bororo/bor_lex15-leonida-IMG_8800/Leonida_inoredumodeTabo.wav,data/converted_audio/bororo/sd1775410320_2.wav,inoredumode tabo
Leonida_kaia.wav,bororo/bor_lex15-leonida-IMG_8800/Leonida_kaia.wav,data/converted_audio/bororo/sd1775410321_1.wav,kaia
Leonida_kaia.wav,bororo/bor_lex15-leonida-IMG_8800/Leonida_kaia.wav,data/converted_audio/bororo/sd1775410321_2.wav,kaia
Leonida_otaro.wav,bororo/bor_lex15-leonida-IMG_8800/Leonida_otaro.wav,data/converted_audio/bororo/sd1775410322_1.wav,otaro
Leonida_otaro.wav,bororo/bor_lex15-leonida-IMG_8800/Leonida_otaro.wav,data/converted_audio/bororo/sd1775410322_2.wav,otaro
Leonida_poporira.wav,bororo/bor_lex15-leonida-IMG_8800/Leonida_poporira.wav,data/converted_audio/bororo/sd1775410323_1.wav,poporira
Leonida_poporira.wav,bororo/bor_lex15-leonida-IMG_8800/Leonida_poporira.wav,data/converted_audio/bororo/sd1775410323_2.wav,poporira
Leonida_ru.wav,bororo/bor_lex15-leonida-IMG_8800/Leonida_ru.wav,data/converted_audio/bororo/sd1775410324_1.wav,ru
Leonida_ru.wav,bororo/bor_lex15-leonida-IMG_8800/Leonida_ru.wav,data/converted_audio/bororo/sd1775410324_2.wav,ru
Leonida_bowuje01.wav,bororo/bor_lex15-leonida-IMG_8800/Leonida_bowuje01.wav,data/converted_audio/bororo/sd1775410325_1.wav,bowuje
Leonida_bowuje01.wav,bororo/bor_lex15-leonida-IMG_8800/Leonida_bowuje01.wav,data/converted_audio/bororo/sd1775410325_2.wav,bowuje
Leonida_biriKedore.wav,bororo/bor_lex15-leonida-IMG_8800/Leonida_biriKedore.wav,data/converted_audio/bororo/sd1775410326_1.wav,biri kedore
Leonida_biriKedore.wav,bororo/bor_lex15-leonida-IMG_8800/Leonida_biriKedore.wav,data/converted_audio/bororo/sd1775410326_2.wav,biri kedore
Leonida_meaoguru.wav,bororo/bor_lex15-leonida-IMG_8800/Leonida_meaoguru.wav,data/converted_audio/bororo/sd1775410327_1.wav,meaoguru
Leonida_meaoguru.wav,bororo/bor_lex15-leonida-IMG_8800/Leonida_meaoguru.wav,data/converted_audio/bororo/sd1775410327_2.wav,meaoguru
Leonida_ruture.wav,bororo/bor_lex12-leonida-IMG_8797/Leonida_ruture.wav,data/converted_audio/bororo/sd1775410328_1.wav,ruture
Leonida_ruture.wav,bororo/bor_lex12-leonida-IMG_8797/Leonida_ruture.wav,data/converted_audio/bororo/sd1775410328_2.wav,ruture
Leonida_kurugutugu.wav,bororo/bor_lex12-leonida-IMG_8797/Leonida_kurugutugu.wav,data/converted_audio/bororo/sd1775410329_1.wav,kurugutugu
Leonida_kurugutugu.wav,bororo/bor_lex12-leonida-IMG_8797/Leonida_kurugutugu.wav,data/converted_audio/bororo/sd1775410329_2.wav,kurugutugu
Leonida_iniaore.wav,bororo/bor_lex12-leonida-IMG_8797/Leonida_iniaore.wav,data/converted_audio/bororo/sd1775410330_1.wav,iniaore
Leonida_iniaore.wav,bororo/bor_lex12-leonida-IMG_8797/Leonida_iniaore.wav,data/converted_audio/bororo/sd1775410330_2.wav,iniaore
Leonida_kukaga.wav,bororo/bor_lex12-leonida-IMG_8797/Leonida_kukaga.wav,data/converted_audio/bororo/sd1775410331_1.wav,kukaga
Leonida_kukaga.wav,bororo/bor_lex12-leonida-IMG_8797/Leonida_kukaga.wav,data/converted_audio/bororo/sd1775410331_2.wav,kukaga
Leonida_jawoRekodaji.wav,bororo/bor_lex12-leonida-IMG_8797/Leonida_jawoRekodaji.wav,data/converted_audio/bororo/sd1775410332_1.wav,jawo rekodaji
Leonida_jawoRekodaji.wav,bororo/bor_lex12-leonida-IMG_8797/Leonida_jawoRekodaji.wav,data/converted_audio/bororo/sd1775410332_2.wav,jawo rekodaji
Leonida_meriKoduTabo.wav,bororo/bor_lex12-leonida-IMG_8797/Leonida_meriKoduTabo.wav,data/converted_audio/bororo/sd1775410333_1.wav,meri kodu tabo
Leonida_meriKoduTabo.wav,bororo/bor_lex12-leonida-IMG_8797/Leonida_meriKoduTabo.wav,data/converted_audio/bororo/sd1775410333_2.wav,meri kodu tabo
Leonida_borewu.wav,bororo/bor_lex12-leonida-IMG_8797/Leonida_borewu.wav,data/converted_audio/bororo/sd1775410334_1.wav,borewu
Leonida_borewu.wav,bororo/bor_lex12-leonida-IMG_8797/Leonida_borewu.wav,data/converted_audio/bororo/sd1775410334_2.wav,borewu
Leonida_itidoru.wav,bororo/bor_lex12-leonida-IMG_8797/Leonida_itidoru.wav,data/converted_audio/bororo/sd1775410335_1.wav,itidoru
Leonida_itidoru.wav,bororo/bor_lex12-leonida-IMG_8797/Leonida_itidoru.wav,data/converted_audio/bororo/sd1775410335_2.wav,itidoru
Leonida_boeKimo.wav,bororo/bor_lex12-leonida-IMG_8797/Leonida_boeKimo.wav,data/converted_audio/bororo/sd1775410336_1.wav,boe kimo
Leonida_boeKimo.wav,bororo/bor_lex12-leonida-IMG_8797/Leonida_boeKimo.wav,data/converted_audio/bororo/sd1775410336_2.wav,boe kimo
Leonida_kore02.wav,bororo/bor_lex12-leonida-IMG_8797/Leonida_kore02.wav,data/converted_audio/bororo/sd1775410337_1.wav,kore
Leonida_kore02.wav,bororo/bor_lex12-leonida-IMG_8797/Leonida_kore02.wav,data/converted_audio/bororo/sd1775410337_2.wav,kore
Leonida_itaga.wav,bororo/bor_lex12-leonida-IMG_8797/Leonida_itaga.wav,data/converted_audio/bororo/sd1775410338_1.wav,itaga
Leonida_itaga.wav,bororo/bor_lex12-leonida-IMG_8797/Leonida_itaga.wav,data/converted_audio/bororo/sd1775410338_2.wav,itaga
Leonida_atarigigodure.wav,bororo/bor_lex12-leonida-IMG_8797/Leonida_atarigigodure.wav,data/converted_audio/bororo/sd1775410339_1.wav,atarigigodure
Leonida_atarigigodure.wav,bororo/bor_lex12-leonida-IMG_8797/Leonida_atarigigodure.wav,data/converted_audio/bororo/sd1775410339_2.wav,atarigigodure
Leonida_kugudugodure02.wav,bororo/bor_lex12-leonida-IMG_8797/Leonida_kugudugodure02.wav,data/converted_audio/bororo/sd1775410340_1.wav,kugudugodure
Leonida_kugudugodure02.wav,bororo/bor_lex12-leonida-IMG_8797/Leonida_kugudugodure02.wav,data/converted_audio/bororo/sd1775410340_2.wav,kugudugodure
Leonida_meduia02.wav,bororo/bor_lex12-leonida-IMG_8797/Leonida_meduia02.wav,data/converted_audio/bororo/sd1775410341_1.wav,meduia
Leonida_meduia02.wav,bororo/bor_lex12-leonida-IMG_8797/Leonida_meduia02.wav,data/converted_audio/bororo/sd1775410341_2.wav,meduia
Leonida_bokwaro.wav,bororo/bor_lex12-leonida-IMG_8797/Leonida_bokwaro.wav,data/converted_audio/bororo/sd1775410342_1.wav,bokwaro
Leonida_bokwaro.wav,bororo/bor_lex12-leonida-IMG_8797/Leonida_bokwaro.wav,data/converted_audio/bororo/sd1775410342_2.wav,bokwaro
Leonida_togore.wav,bororo/bor_lex12-leonida-IMG_8797/Leonida_togore.wav,data/converted_audio/bororo/sd1775410343_1.wav,togore
Leonida_togore.wav,bororo/bor_lex12-leonida-IMG_8797/Leonida_togore.wav,data/converted_audio/bororo/sd1775410343_2.wav,togore
Leonida_ruke02.wav,bororo/bor_lex12-leonida-IMG_8797/Leonida_ruke02.wav,data/converted_audio/bororo/sd1775410344_1.wav,ruke
Leonida_ruke02.wav,bororo/bor_lex12-leonida-IMG_8797/Leonida_ruke02.wav,data/converted_audio/bororo/sd1775410344_2.wav,ruke
Leonida_bokodure.wav,bororo/bor_lex12-leonida-IMG_8797/Leonida_bokodure.wav,data/converted_audio/bororo/sd1775410345_1.wav,bokodure
Leonida_bokodure.wav,bororo/bor_lex12-leonida-IMG_8797/Leonida_bokodure.wav,data/converted_audio/bororo/sd1775410345_2.wav,bokodure
Leonida_boware.wav,bororo/bor_lex12-leonida-IMG_8797/Leonida_boware.wav,data/converted_audio/bororo/sd1775410346_1.wav,boware
Leonida_boware.wav,bororo/bor_lex12-leonida-IMG_8797/Leonida_boware.wav,data/converted_audio/bororo/sd1775410346_2.wav,boware
Leonida_jirire.wav,bororo/bor_lex12-leonida-IMG_8797/Leonida_jirire.wav,data/converted_audio/bororo/sd1775410347_1.wav,jirire
Leonida_jirire.wav,bororo/bor_lex12-leonida-IMG_8797/Leonida_jirire.wav,data/converted_audio/bororo/sd1775410347_2.wav,jirire
Leonida_otodai.wav,bororo/bor_lex12-leonida-IMG_8797/Leonida_otodai.wav,data/converted_audio/bororo/sd1775410348_1.wav,otodai
Leonida_otodai.wav,bororo/bor_lex12-leonida-IMG_8797/Leonida_otodai.wav,data/converted_audio/bororo/sd1775410348_2.wav,otodai
Leonida_raru02.wav,bororo/bor_lex12-leonida-IMG_8797/Leonida_raru02.wav,data/converted_audio/bororo/sd1775410349_1.wav,raru
Leonida_raru02.wav,bororo/bor_lex12-leonida-IMG_8797/Leonida_raru02.wav,data/converted_audio/bororo/sd1775410349_2.wav,raru
Leonida_meriJokuMugureBetaiadada.wav,bororo/bor_lex12-leonida-IMG_8797/Leonida_meriJokuMugureBetaiadada.wav,data/converted_audio/bororo/sd1775410350_1.wav,meri joku mugure betaiadada
Leonida_meriJokuMugureBetaiadada.wav,bororo/bor_lex12-leonida-IMG_8797/Leonida_meriJokuMugureBetaiadada.wav,data/converted_audio/bororo/sd1775410350_2.wav,meri joku mugure betaiadada
Leonida_boro.wav,bororo/bor_lex12-leonida-IMG_8797/Leonida_boro.wav,data/converted_audio/bororo/sd1775410351_1.wav,boro
Leonida_boro.wav,bororo/bor_lex12-leonida-IMG_8797/Leonida_boro.wav,data/converted_audio/bororo/sd1775410351_2.wav,boro
Leonida_dobagodu.wav,bororo/bor_lex12-leonida-IMG_8797/Leonida_dobagodu.wav,data/converted_audio/bororo/sd1775410352_1.wav,dobagodu
Leonida_dobagodu.wav,bororo/bor_lex12-leonida-IMG_8797/Leonida_dobagodu.wav,data/converted_audio/bororo/sd1775410352_2.wav,dobagodu
Leonida_gorido.wav,bororo/bor_lex12-leonida-IMG_8797/Leonida_gorido.wav,data/converted_audio/bororo/sd1775410353_1.wav,gorido
Leonida_gorido.wav,bororo/bor_lex12-leonida-IMG_8797/Leonida_gorido.wav,data/converted_audio/bororo/sd1775410353_2.wav,gorido
Leonida_kujedo.wav,bororo/bor_lex12-leonida-IMG_8797/Leonida_kujedo.wav,data/converted_audio/bororo/sd1775410354_1.wav,kujedo
Leonida_kujedo.wav,bororo/bor_lex12-leonida-IMG_8797/Leonida_kujedo.wav,data/converted_audio/bororo/sd1775410354_2.wav,kujedo
Leonida_kogodure.wav,bororo/bor_lex12-leonida-IMG_8797/Leonida_kogodure.wav,data/converted_audio/bororo/sd1775410355_1.wav,kogodure
Leonida_kogodure.wav,bororo/bor_lex12-leonida-IMG_8797/Leonida_kogodure.wav,data/converted_audio/bororo/sd1775410355_2.wav,kogodure
Leonida_kamaura01.wav,bororo/bor_lex12-leonida-IMG_8797/Leonida_kamaura01.wav,data/converted_audio/bororo/sd1775410356_1.wav,kamaura
Leonida_kamaura01.wav,bororo/bor_lex12-leonida-IMG_8797/Leonida_kamaura01.wav,data/converted_audio/bororo/sd1775410356_2.wav,kamaura
Leonida_maegoduAina.wav,bororo/bor_lex12-leonida-IMG_8797/Leonida_maegoduAina.wav,data/converted_audio/bororo/sd1775410357_1.wav,maegodu aina
Leonida_maegoduAina.wav,bororo/bor_lex12-leonida-IMG_8797/Leonida_maegoduAina.wav,data/converted_audio/bororo/sd1775410357_2.wav,maegodu aina
Leonida_ikiwoguwo.wav,bororo/bor_lex12-leonida-IMG_8797/Leonida_ikiwoguwo.wav,data/converted_audio/bororo/sd1775410358_1.wav,ikiwoguwo
Leonida_ikiwoguwo.wav,bororo/bor_lex12-leonida-IMG_8797/Leonida_ikiwoguwo.wav,data/converted_audio/bororo/sd1775410358_2.wav,ikiwoguwo
Leonida_jawuji01.wav,bororo/bor_lex12-leonida-IMG_8797/Leonida_jawuji01.wav,data/converted_audio/bororo/sd1775410359_1.wav,jawuji
Leonida_jawuji01.wav,bororo/bor_lex12-leonida-IMG_8797/Leonida_jawuji01.wav,data/converted_audio/bororo/sd1775410359_2.wav,jawuji
Leonida_kabi.wav,bororo/bor_lex12-leonida-IMG_8797/Leonida_kabi.wav,data/converted_audio/bororo/sd1775410360_1.wav,kabi
Leonida_kabi.wav,bororo/bor_lex12-leonida-IMG_8797/Leonida_kabi.wav,data/converted_audio/bororo/sd1775410360_2.wav,kabi
Leonida_metugu.wav,bororo/bor_lex12-leonida-IMG_8797/Leonida_metugu.wav,data/converted_audio/bororo/sd1775410361_1.wav,metugu
Leonida_metugu.wav,bororo/bor_lex12-leonida-IMG_8797/Leonida_metugu.wav,data/converted_audio/bororo/sd1775410361_2.wav,metugu
Leonida_jaAdrigire.wav,bororo/bor_lex12-leonida-IMG_8797/Leonida_jaAdrigire.wav,data/converted_audio/bororo/sd1775410362_1.wav,ja adrigire
Leonida_jaAdrigire.wav,bororo/bor_lex12-leonida-IMG_8797/Leonida_jaAdrigire.wav,data/converted_audio/bororo/sd1775410362_2.wav,ja adrigire
Leonida_ikanaPegarewuJawai.wav,bororo/bor_lex12-leonida-IMG_8797/Leonida_ikanaPegarewuJawai.wav,data/converted_audio/bororo/sd1775410363_1.wav,ikana pegarewu jawai
Leonida_ikanaPegarewuJawai.wav,bororo/bor_lex12-leonida-IMG_8797/Leonida_ikanaPegarewuJawai.wav,data/converted_audio/bororo/sd1775410363_2.wav,ikana pegarewu jawai
Leonida_poguru.wav,bororo/bor_lex12-leonida-IMG_8797/Leonida_poguru.wav,data/converted_audio/bororo/sd1775410364_1.wav,poguru
Leonida_poguru.wav,bororo/bor_lex12-leonida-IMG_8797/Leonida_poguru.wav,data/converted_audio/bororo/sd1775410364_2.wav,poguru
Leonida_bopona.wav,bororo/bor_lex12-leonida-IMG_8797/Leonida_bopona.wav,data/converted_audio/bororo/sd1775410365_1.wav,bopona
Leonida_bopona.wav,bororo/bor_lex12-leonida-IMG_8797/Leonida_bopona.wav,data/converted_audio/bororo/sd1775410365_2.wav,bopona
Pedrosa_amugudo.wav,bororo/bor_lex19-pedrosa01/Pedrosa_amugudo.wav,data/converted_audio/bororo/sd1775410366_1.wav,amugudo
Pedrosa_amugudo.wav,bororo/bor_lex19-pedrosa01/Pedrosa_amugudo.wav,data/converted_audio/bororo/sd1775410366_2.wav,amugudo
Pedrosa_ako(1).wav,bororo/bor_lex19-pedrosa01/Pedrosa_ako(1).wav,data/converted_audio/bororo/sd1775410367_1.wav,ako
Pedrosa_ako(1).wav,bororo/bor_lex19-pedrosa01/Pedrosa_ako(1).wav,data/converted_audio/bororo/sd1775410367_2.wav,ako
Pedrosa_akedu02.wav,bororo/bor_lex19-pedrosa01/Pedrosa_akedu02.wav,data/converted_audio/bororo/sd1775410368_1.wav,akedu
Pedrosa_akedu02.wav,bororo/bor_lex19-pedrosa01/Pedrosa_akedu02.wav,data/converted_audio/bororo/sd1775410368_2.wav,akedu
Pedrosa_kado02.wav,bororo/bor_lex19-pedrosa01/Pedrosa_kado02.wav,data/converted_audio/bororo/sd1775410369_1.wav,kado
Pedrosa_kado02.wav,bororo/bor_lex19-pedrosa01/Pedrosa_kado02.wav,data/converted_audio/bororo/sd1775410369_2.wav,kado
Pedrosa_kado03.wav,bororo/bor_lex19-pedrosa01/Pedrosa_kado03.wav,data/converted_audio/bororo/sd1775410370_1.wav,kado
Pedrosa_kado03.wav,bororo/bor_lex19-pedrosa01/Pedrosa_kado03.wav,data/converted_audio/bororo/sd1775410370_2.wav,kado
Pedrosa_ireKadoKado.wav,bororo/bor_lex19-pedrosa01/Pedrosa_ireKadoKado.wav,data/converted_audio/bororo/sd1775410371_1.wav,ire kado kado
Pedrosa_ireKadoKado.wav,bororo/bor_lex19-pedrosa01/Pedrosa_ireKadoKado.wav,data/converted_audio/bororo/sd1775410371_2.wav,ire kado kado
Pedrosa_paguduwo.wav,bororo/bor_lex19-pedrosa01/Pedrosa_paguduwo.wav,data/converted_audio/bororo/sd1775410372_1.wav,paguduwo
Pedrosa_paguduwo.wav,bororo/bor_lex19-pedrosa01/Pedrosa_paguduwo.wav,data/converted_audio/bororo/sd1775410372_2.wav,paguduwo
Pedrosa_ari04.wav,bororo/bor_lex19-pedrosa01/Pedrosa_ari04.wav,data/converted_audio/bororo/sd1775410373_1.wav,ari
Pedrosa_ari04.wav,bororo/bor_lex19-pedrosa01/Pedrosa_ari04.wav,data/converted_audio/bororo/sd1775410373_2.wav,ari
Pedrosa_puma.wav,bororo/bor_lex19-pedrosa01/Pedrosa_puma.wav,data/converted_audio/bororo/sd1775410374_1.wav,puma
Pedrosa_puma.wav,bororo/bor_lex19-pedrosa01/Pedrosa_puma.wav,data/converted_audio/bororo/sd1775410374_2.wav,puma
Pedrosa_boeEnoMoto.wav,bororo/bor_lex19-pedrosa01/Pedrosa_boeEnoMoto.wav,data/converted_audio/bororo/sd1775410375_1.wav,boe eno moto
Pedrosa_boeEnoMoto.wav,bororo/bor_lex19-pedrosa01/Pedrosa_boeEnoMoto.wav,data/converted_audio/bororo/sd1775410375_2.wav,boe eno moto
Pedrosa_meriji.wav,bororo/bor_lex19-pedrosa01/Pedrosa_meriji.wav,data/converted_audio/bororo/sd1775410376_1.wav,meriji
Pedrosa_meriji.wav,bororo/bor_lex19-pedrosa01/Pedrosa_meriji.wav,data/converted_audio/bororo/sd1775410376_2.wav,meriji
Pedrosa_cegudumode.wav,bororo/bor_lex19-pedrosa01/Pedrosa_cegudumode.wav,data/converted_audio/bororo/sd1775410377_1.wav,cegudumode
Pedrosa_cegudumode.wav,bororo/bor_lex19-pedrosa01/Pedrosa_cegudumode.wav,data/converted_audio/bororo/sd1775410377_2.wav,cegudumode
Pedrosa_boeco.wav,bororo/bor_lex19-pedrosa01/Pedrosa_boeco.wav,data/converted_audio/bororo/sd1775410378_1.wav,boeco
Pedrosa_boeco.wav,bororo/bor_lex19-pedrosa01/Pedrosa_boeco.wav,data/converted_audio/bororo/sd1775410378_2.wav,boeco
Pedrosa_imugumode.wav,bororo/bor_lex19-pedrosa01/Pedrosa_imugumode.wav,data/converted_audio/bororo/sd1775410379_1.wav,imugumode
Pedrosa_imugumode.wav,bororo/bor_lex19-pedrosa01/Pedrosa_imugumode.wav,data/converted_audio/bororo/sd1775410379_2.wav,imugumode
Pedrosa_amaratabo.wav,bororo/bor_lex19-pedrosa01/Pedrosa_amaratabo.wav,data/converted_audio/bororo/sd1775410380_1.wav,amaratabo
Pedrosa_amaratabo.wav,bororo/bor_lex19-pedrosa01/Pedrosa_amaratabo.wav,data/converted_audio/bororo/sd1775410380_2.wav,amaratabo
Pedrosa_moto02.wav,bororo/bor_lex19-pedrosa01/Pedrosa_moto02.wav,data/converted_audio/bororo/sd1775410381_1.wav,moto
Pedrosa_moto02.wav,bororo/bor_lex19-pedrosa01/Pedrosa_moto02.wav,data/converted_audio/bororo/sd1775410381_2.wav,moto
Pedrosa_pagudumode.wav,bororo/bor_lex19-pedrosa01/Pedrosa_pagudumode.wav,data/converted_audio/bororo/sd1775410382_1.wav,pagudumode
Pedrosa_pagudumode.wav,bororo/bor_lex19-pedrosa01/Pedrosa_pagudumode.wav,data/converted_audio/bororo/sd1775410382_2.wav,pagudumode
Pedrosa_buture.wav,bororo/bor_lex19-pedrosa01/Pedrosa_buture.wav,data/converted_audio/bororo/sd1775410383_1.wav,buture
Pedrosa_buture.wav,bororo/bor_lex19-pedrosa01/Pedrosa_buture.wav,data/converted_audio/bororo/sd1775410383_2.wav,buture
Pedrosa_meri03.wav,bororo/bor_lex19-pedrosa01/Pedrosa_meri03.wav,data/converted_audio/bororo/sd1775410384_1.wav,meri
Pedrosa_meri03.wav,bororo/bor_lex19-pedrosa01/Pedrosa_meri03.wav,data/converted_audio/bororo/sd1775410384_2.wav,meri
Pedrosa_awo01.wav,bororo/bor_lex19-pedrosa01/Pedrosa_awo01.wav,data/converted_audio/bororo/sd1775410385_1.wav,awo
Pedrosa_awo01.wav,bororo/bor_lex19-pedrosa01/Pedrosa_awo01.wav,data/converted_audio/bororo/sd1775410385_2.wav,awo
Pedrosa_boeJoJi.wav,bororo/bor_lex19-pedrosa01/Pedrosa_boeJoJi.wav,data/converted_audio/bororo/sd1775410386_1.wav,boe jo ji
Pedrosa_boeJoJi.wav,bororo/bor_lex19-pedrosa01/Pedrosa_boeJoJi.wav,data/converted_audio/bororo/sd1775410386_2.wav,boe jo ji
Pedrosa_kana01.wav,bororo/bor_lex19-pedrosa01/Pedrosa_kana01.wav,data/converted_audio/bororo/sd1775410387_1.wav,kana
Pedrosa_kana01.wav,bororo/bor_lex19-pedrosa01/Pedrosa_kana01.wav,data/converted_audio/bororo/sd1775410387_2.wav,kana
Pedrosa_ako.wav,bororo/bor_lex19-pedrosa01/Pedrosa_ako.wav,data/converted_audio/bororo/sd1775410388_1.wav,ako
Pedrosa_ako.wav,bororo/bor_lex19-pedrosa01/Pedrosa_ako.wav,data/converted_audio/bororo/sd1775410388_2.wav,ako
Pedrosa_i01.wav,bororo/bor_lex19-pedrosa01/Pedrosa_i01.wav,data/converted_audio/bororo/sd1775410389_1.wav,i
Pedrosa_i01.wav,bororo/bor_lex19-pedrosa01/Pedrosa_i01.wav,data/converted_audio/bororo/sd1775410389_2.wav,i
Pedrosa_pogora02.wav,bororo/bor_lex19-pedrosa01/Pedrosa_pogora02.wav,data/converted_audio/bororo/sd1775410390_1.wav,pogora
Pedrosa_pogora02.wav,bororo/bor_lex19-pedrosa01/Pedrosa_pogora02.wav,data/converted_audio/bororo/sd1775410390_2.wav,pogora
Pedrosa_bakuru02.wav,bororo/bor_lex19-pedrosa01/Pedrosa_bakuru02.wav,data/converted_audio/bororo/sd1775410391_1.wav,bakuru
Pedrosa_bakuru02.wav,bororo/bor_lex19-pedrosa01/Pedrosa_bakuru02.wav,data/converted_audio/bororo/sd1775410391_2.wav,bakuru
Pedrosa_baru02.wav,bororo/bor_lex19-pedrosa01/Pedrosa_baru02.wav,data/converted_audio/bororo/sd1775410392_1.wav,baru
Pedrosa_baru02.wav,bororo/bor_lex19-pedrosa01/Pedrosa_baru02.wav,data/converted_audio/bororo/sd1775410392_2.wav,baru
Pedrosa_ikudumode.wav,bororo/bor_lex19-pedrosa01/Pedrosa_ikudumode.wav,data/converted_audio/bororo/sd1775410393_1.wav,ikudumode
Pedrosa_ikudumode.wav,bororo/bor_lex19-pedrosa01/Pedrosa_ikudumode.wav,data/converted_audio/bororo/sd1775410393_2.wav,ikudumode
Pedrosa_akedai.wav,bororo/bor_lex19-pedrosa01/Pedrosa_akedai.wav,data/converted_audio/bororo/sd1775410394_1.wav,akedai
Pedrosa_akedai.wav,bororo/bor_lex19-pedrosa01/Pedrosa_akedai.wav,data/converted_audio/bororo/sd1775410394_2.wav,akedai
Pedrosa_o03.wav,bororo/bor_lex19-pedrosa01/Pedrosa_o03.wav,data/converted_audio/bororo/sd1775410395_1.wav,o
Pedrosa_o03.wav,bororo/bor_lex19-pedrosa01/Pedrosa_o03.wav,data/converted_audio/bororo/sd1775410395_2.wav,o
Pedrosa_adugo.wav,bororo/bor_lex19-pedrosa01/Pedrosa_adugo.wav,data/converted_audio/bororo/sd1775410396_1.wav,adugo
Pedrosa_adugo.wav,bororo/bor_lex19-pedrosa01/Pedrosa_adugo.wav,data/converted_audio/bororo/sd1775410396_2.wav,adugo
